round,reference_no,form_no,name,score,category,gender,kashmiri_migrant,pwd_category,minority,cw_quota,ward_quota,mobile,email
CSAS Round-II,147166/LC/51/2/2/CSAS,233510107896,Aayati Aggarwal,490.5602616,1,2,Not Applicable,Not Applicable,Not Applicable,Not Applicable,Not Applicable,9877992249,aayatiaggarwal@gmail.com
CSAS Round-II,144317/LC/51/2/2/CSAS,233510344125,TANUJA CHUPHAL,492.7420501,1,2,Not Applicable,Not Applicable,Not Applicable,Priority VIII: Wards of Serving Personnel,Not Applicable,7453973235,chuphaltanuja65@gmail.com
CSAS Round-II,142596/LC/51/2/2/CSAS,233510400322,ANU KUMARI,190.3499239,4,2,Not Applicable,Not Applicable,Not Applicable,Not Applicable,Not Applicable,9852027554,bkranjan52@gmail.com
CSAS Round-II,140750/LC/51/2/2/CSAS,233510990733,KRITIKA SHARMA,492.4768057,1,2,Not Applicable,Not Applicable,Not Applicable,Not Applicable,Not Applicable,9310170137,kritika1310sharma@gmail.com
CSAS Round-II,139383/LC/51/2/2/CSAS,233510424460,Shaivi Verma,356.0560259,3,2,Not Applicable,Not Applicable,Not Applicable,Not Applicable,Not Applicable,7982080511,verma.shaivi01@gmail.com
CSAS Round-II,133885/LC/51/2/2/CSAS,233510209393,Shweta bharat,201.7532889,4,2,Not Applicable,Not Applicable,Not Applicable,Not Applicable,Not Applicable,9718589449,shwetabharat1033@gmail.com
CSAS Round-II,131747/LC/51/2/2/CSAS,233511120274,ANNU,365.8614475,3,2,Not Applicable,Not Applicable,Not Applicable,Not Applicable,Not Applicable,9639864012,annu06171@gmail.com
CSAS Round-II,131208/LC/51/2/2/CSAS,233511384111,Aakriti Singh,358.0090854,3,2,Not Applicable,Not Applicable,Not Applicable,Not Applicable,Not Applicable,7903798282,anshuaakriti004@gmail.com
CSAS Round-II,126520/LC/51/2/2/CSAS,233510305436,ANUSHIKHA KUMARI,493.2632198,1,2,Not Applicable,Not Applicable,Not Applicable,Not Applicable,Not Applicable,9911416894,rajanhere1980@gmail.com
CSAS Round-II,124484/LC/51/2/2/CSAS,233510490056,KHUSHBOO NAINWAL,311.5036505,6,2,Not Applicable,Not Applicable,Not Applicable,Not Applicable,Not Applicable,8791778428,khushboonainwal@gmail.com
CSAS Round-II,120358/LC/51/2/2/CSAS,233510167183,Vaishali Khari,379.105052,3,2,Not Applicable,Not Applicable,Not Applicable,Not Applicable,Not Applicable,7840069968,vaishalikhari2818@gmail.com
CSAS Round-II,118851/LC/51/2/2/CSAS,233510190845,Purnima Sharma,498.6028475,1,2,Not Applicable,Not Applicable,Not Applicable,Not Applicable,Not Applicable,8595590540,purnimasharma21176@gmail.com
CSAS Round-II,115754/LC/51/2/2/CSAS,233510514789,Riya Yadav,353.3579436,3,2,Not Applicable,Not Applicable,Not Applicable,Priority VI: Wards of Ex-Servicemen,Not Applicable,8267960223,yaduvanshi1584@gmail.com
CSAS Round-II,111077/LC/51/2/2/CSAS,233510616605,Harshita Srivastava,488.5202251,1,2,Not Applicable,Not Applicable,Not Applicable,Not Applicable,Not Applicable,8287873650,harshitasri0118@gmail.com
CSAS Round-II,109528/LC/51/2/2/CSAS,233511035544,HIMANSHI SAINI,385.7661109,3,2,Not Applicable,Not Applicable,Not Applicable,Not Applicable,Not Applicable,8800277317,himanshisaini757@gmail.com
CSAS Round-II,105381/LC/51/2/2/CSAS,233510063760,Anvesha Babbar,497.9997421,1,2,Not Applicable,Not Applicable,Not Applicable,Not Applicable,Not Applicable,8373939708,anveshababbar@gmail.com
CSAS Round-II,100097/LC/51/2/2/CSAS,233510390353,RICHA YADAV,378.635053,3,2,Not Applicable,Not Applicable,Not Applicable,Not Applicable,Not Applicable,9415852028,sricha941585@gmail.com
CSAS Round-II,99832/LC/51/2/2/CSAS,233510620889,PRIYA TIWARI,342.3528373,6,2,Not Applicable,Not Applicable,Not Applicable,Not Applicable,Not Applicable,9838691777,priyatiwari7845@gmail.com
CSAS Round-II,98503/LC/51/2/2/CSAS,233510308796,ANJALI YADAV,367.2173653,3,2,Not Applicable,Not Applicable,Not Applicable,Not Applicable,Not Applicable,7985687749,9473803588sriram@gmail.com
CSAS Round-I,92959/LC/51/1/1/CSAS,233510492523,Yashvi Solanki,504.1052329,1,2,Not Applicable,Not Applicable,Not Applicable,Not Applicable,Not Applicable,8595691463,solankiyashvi29@gmail.com
CSAS Round-I,90134/LC/51/1/1/CSAS,233510635747,KARINA YADAV,386.7646415,3,2,Not Applicable,Not Applicable,Not Applicable,Not Applicable,Not Applicable,8595610696,Karinayadav844@gmail.com
CSAS Round-I,84075/LC/51/1/1/CSAS,233510214278,TANYA GUPTA,523.579343,1,2,Not Applicable,Not Applicable,Not Applicable,Not Applicable,Not Applicable,7860036266,tanyagupta.jasmine@gmail.com
CSAS Round-I,82869/LC/51/1/1/CSAS,233511019340,SNEHA MISHRA,384.3037246,6,2,Not Applicable,Not Applicable,Not Applicable,Not Applicable,Not Applicable,7983071494,sm7080689@gmail.com
CSAS Round-I,81337/LC/51/1/1/CSAS,233510217002,Shreya verma,387.0842638,3,2,Not Applicable,Not Applicable,Not Applicable,Not Applicable,Not Applicable,8303952077,manjuverma34567@gmail.com
CSAS Round-I,80150/LC/51/1/1/CSAS,233510116970,Aarohi Goyal,516.6715756,1,2,Not Applicable,Not Applicable,Not Applicable,Not Applicable,Not Applicable,9354305590,aarohi2231@gmail.com
CSAS Round-I,79082/LC/51/1/1/CSAS,233510373448,Prachi,585.1263519,1,2,Not Applicable,Not Applicable,Not Applicable,Not Applicable,Not Applicable,9354458656,singh.nikki2662@gmail.com
CSAS Round-I,75278/LC/51/1/1/CSAS,233510094146,BHUMI,464.8512605,3,2,Not Applicable,Not Applicable,Not Applicable,Not Applicable,Not Applicable,8700829807,8700829807pushpa@gmail.com
CSAS Round-I,69302/LC/51/1/1/CSAS,233510775018,Suhani singh,508.0019518,1,2,Not Applicable,Not Applicable,Not Applicable,Not Applicable,Not Applicable,9335549127,suhanisingh7388@gmail.com
CSAS Round-I,63319/LC/51/1/1/CSAS,233510881188,SULTANA,510.7123641,1,2,Not Applicable,Not Applicable,Not Applicable,Not Applicable,Not Applicable,8851982140,sultanafiroz5452@gmail.com
CSAS Round-I,61239/LC/51/1/1/CSAS,233511030617,AMRITA SINGH,366.392556,6,2,Not Applicable,Not Applicable,Not Applicable,Not Applicable,Not Applicable,9719870483,jitendrasinghfzd1978@gmail.com
CSAS Round-I,55252/LC/51/1/1/CSAS,233510387974,SAKSHITA SINGH,345.973074,6,2,Not Applicable,Not Applicable,Not Applicable,Not Applicable,Not Applicable,7307819351,singhsakshita9@gmail.com
CSAS Round-I,55144/LC/51/1/1/CSAS,233510725214,AARCHI,511.0027487,1,2,Not Applicable,Not Applicable,Not Applicable,Not Applicable,Not Applicable,9350626373,aarchiarora0333@gmail.com
CSAS Round-I,54094/LC/51/1/1/CSAS,233510351810,ARPITA YADAV,431.6043769,3,2,Not Applicable,Not Applicable,Not Applicable,Not Applicable,Not Applicable,7068346099,yadavamrita1002@gmail.com
CSAS Round-I,53674/LC/51/1/1/CSAS,233510629895,YANA BHATI,393.0436438,3,2,Not Applicable,Not Applicable,Not Applicable,Priority VI: Wards of Ex-Servicemen,Not Applicable,7217607049,yanabhati2007@gmail.com
CSAS Round-I,51726/LC/51/1/1/CSAS,233510165713,NAVYA JAIN,515.5306612,1,2,Not Applicable,Not Applicable,Not Applicable,Not Applicable,Not Applicable,8929005734,navyajain672@gmail.com
CSAS Round-I,44429/LC/51/1/1/CSAS,233510103511,Aakriti Singh,522.2617007,1,2,Not Applicable,Not Applicable,Not Applicable,Not Applicable,Not Applicable,9868956852,aakritisingh.0804@gmail.com
CSAS Round-I,41537/LC/51/1/1/CSAS,233510043898,Megha Sharma,559.9346484,1,2,Not Applicable,Not Applicable,Not Applicable,Not Applicable,Not Applicable,8810489199,meghapioneer1@gmail.com
CSAS Round-I,39534/LC/51/1/1/CSAS,233510814890,DIKSHA,241.9294223,4,2,Not Applicable,Not Applicable,Not Applicable,Not Applicable,Not Applicable,9968308645,diksha020206@gmail.com
CSAS Round-I,34238/LC/51/1/1/CSAS,233510195497,MUSKAN,453.2128859,3,2,Not Applicable,Not Applicable,Not Applicable,Not Applicable,Not Applicable,9953367606,muskankumari9953@gmail.com
CSAS Round-I,33184/LC/51/1/1/CSAS,233510461052,Lucky,462.8435514,3,2,Not Applicable,Not Applicable,Not Applicable,Not Applicable,Not Applicable,9953073734,Surenrupal80@gmail.com
CSAS Round-I,23191/LC/51/1/1/CSAS,233510408367,Vanshika Jain,520.0501964,1,2,Not Applicable,Not Applicable,Not Applicable,Not Applicable,Not Applicable,8595866043,vanshikajain15112005@gmail.com
CSAS Round-I,22226/LC/51/1/1/CSAS,233510487614,AKSHITA,504.362993,1,2,Not Applicable,Not Applicable,Not Applicable,Not Applicable,Not Applicable,9999923844,euro.anju@gmail.com
CSAS Round-I,19839/LC/51/1/1/CSAS,233510193922,Krishna biswas,242.7862682,4,2,Not Applicable,Not Applicable,Not Applicable,Not Applicable,Not Applicable,9733135250,kb224700@gmail.com
CSAS Round-I,17916/LC/51/1/1/CSAS,233510720359,Mansi,329.0598572,4,2,Not Applicable,Not Applicable,Not Applicable,Not Applicable,Not Applicable,9278952992,mansi.khanna2502@gmail.com
CSAS Round-I,17833/LC/51/1/1/CSAS,233510194751,SHEETHAL SURESH,280.2607492,4,2,Not Applicable,Not Applicable,Not Applicable,Not Applicable,Not Applicable,9645115166,sujasuresh444@gmail.com
CSAS Round-I,17561/LC/51/1/1/CSAS,233510608311,SANJANA THAPA,517.5360594,1,2,Not Applicable,Not Applicable,Not Applicable,Not Applicable,Not Applicable,7005594700,07sanjanathapa@gmail.com
CSAS Round-I,16516/LC/51/1/1/CSAS,233510139722,Kritika Marwaha,502.6869637,1,2,Not Applicable,Not Applicable,Not Applicable,Not Applicable,Not Applicable,9873440762,kritikamarwaha2908@gmail.com
CSAS Round-I,14865/LC/51/1/1/CSAS,233510738537,REETIKA KUMAWAT,400.014733,3,2,Not Applicable,Not Applicable,Not Applicable,Not Applicable,Not Applicable,9920191221,prahladkumawat30@gmail.com
