round,reference_no,form_no,name,score,category,gender,kashmiri_migrant,pwd_category,minority,cw_quota,ward_quota,mobile,email
CSAS Round-II,145428/LC/814/2/2/CSAS,233510574313,Kusum Yadav,355.3725268,4,2,Not Applicable,Not Applicable,Not Applicable,Not Applicable,Not Applicable,8826668522,ankusum7@gmail.com
CSAS Round-II,141322/LC/814/2/2/CSAS,233511338329,Muskan Rathore,353.3065593,3,2,Not Applicable,Not Applicable,Not Applicable,Not Applicable,Not Applicable,8810555518,rathoremuskan775@gmail.com
CSAS Round-II,140462/LC/814/2/2/CSAS,233510099912,Priti Yadav,362.1527962,3,2,Not Applicable,Not Applicable,Not Applicable,Not Applicable,Not Applicable,9026104474,yadavpriti6391@gmail.com
CSAS Round-II,107607/LC/814/2/2/CSAS,233510570209,Isha,273.0303356,4,2,Not Applicable,Not Applicable,Not Applicable,Not Applicable,Not Applicable,9311965627,rekhamathur9311@gmail.com
CSAS Round-I,94476/LC/814/1/1/CSAS,233510319082,manvi arora,340.8957615,6,2,Not Applicable,Not Applicable,Not Applicable,Not Applicable,Not Applicable,9810828233,manviarora1128@gmail.com
CSAS Round-I,91195/LC/814/1/1/CSAS,233510448870,Saloni Raturi,640.7586837,1,2,Not Applicable,Not Applicable,Not Applicable,Not Applicable,Not Applicable,9068521437,saloniraturi0604@gmail.com
CSAS Round-I,89925/LC/814/1/1/CSAS,233510387017,GEETIKA KHARI,495.6590459,3,2,Not Applicable,Not Applicable,Not Applicable,Not Applicable,Not Applicable,9999783778,geetikakhari@gmail.com
CSAS Round-I,89300/LC/814/1/1/CSAS,233510915067,KIRAN KUMARI,282.4173323,4,2,Not Applicable,Not Applicable,Not Applicable,Not Applicable,Not Applicable,8470063964,Bhawnaarya210@gmail.com
CSAS Round-I,88951/LC/814/1/1/CSAS,233510133538,MOLI ATWAL,365.5617818,4,2,Not Applicable,Not Applicable,Not Applicable,Not Applicable,Not Applicable,8810447751,MOLIATWAL2004@GMAIL.COM
CSAS Round-I,82877/LC/814/1/1/CSAS,233510517344,PRAGATI JAIN,389.633907,6,2,Not Applicable,Not Applicable,Not Applicable,Not Applicable,Not Applicable,7354748701,mukeshjainkumar1975@gmail.com
CSAS Round-I,78239/LC/814/1/1/CSAS,233510329371,RIYA YADAV,402.5909924,3,2,Not Applicable,Not Applicable,Not Applicable,Not Applicable,Not Applicable,7517342972,avinashyadavw@gmail.com
CSAS Round-I,64734/LC/814/1/1/CSAS,233510258314,Tamanna Thakur,640.7480599,1,2,Not Applicable,Not Applicable,Not Applicable,Not Applicable,Not Applicable,7982720057,tamannathakur225@gmail.com
CSAS Round-I,64094/LC/814/1/1/CSAS,233510334934,Nishtha Valecha,656.6165138,1,2,Not Applicable,Not Applicable,Not Applicable,Not Applicable,Not Applicable,8376830018,manojvalecha73@gmail.com
CSAS Round-I,63193/LC/814/1/1/CSAS,233510225255,SAMAN QURESHI,444.2013825,3,2,Not Applicable,Not Applicable,Not Applicable,Not Applicable,Not Applicable,8979777126,samanqureshi2030@gmail.com
CSAS Round-I,52197/LC/814/1/1/CSAS,233510100009,Aakriti Parashar,654.8022238,1,2,Not Applicable,Not Applicable,Not Applicable,Not Applicable,Not Applicable,9711922066,aakritiparashar0902@gmail.com
CSAS Round-I,51545/LC/814/1/1/CSAS,233510078658,Gaurangi Sharma,656.2743859,1,2,Not Applicable,Not Applicable,Not Applicable,Not Applicable,Not Applicable,8076391975,sharma.gaurangi08@gmail.com
CSAS Round-I,50339/LC/814/1/1/CSAS,233510276216,Srishti Bansal,644.2520107,1,2,Not Applicable,Not Applicable,Not Applicable,Not Applicable,Not Applicable,9899626555,srishti200601@gmail.com
CSAS Round-I,50149/LC/814/1/1/CSAS,233510484590,Geenishka khanna,638.6209357,1,2,Not Applicable,Not Applicable,Not Applicable,Not Applicable,Not Applicable,9899000615,geenishkakhanna@gmail.com
CSAS Round-I,48938/LC/814/1/1/CSAS,233510710242,YASHI GOYAL,679.0600714,1,2,Not Applicable,Not Applicable,Not Applicable,Not Applicable,Not Applicable,8503075745,yashigoyyal@gmail.com
CSAS Round-I,22201/LC/814/1/1/CSAS,233510538138,RIYA LAKRA,666.9072017,1,2,Not Applicable,Not Applicable,Not Applicable,Not Applicable,Not Applicable,9910005256,psych.riyalakra@gmail.com
CSAS Round-I,16502/LC/814/1/1/CSAS,233510081886,ISHITA GUPTA,645.1100378,1,2,Not Applicable,Not Applicable,Not Applicable,Not Applicable,Not Applicable,9958286397,ishita.gupta2925@gmail.com
CSAS Round-I,12329/LC/814/1/1/CSAS,233511390912,Ankita Kumari,335.3995894,4,2,Not Applicable,Not Applicable,Not Applicable,Not Applicable,Not Applicable,9044949750,sidoptimistic5@gmail.com
