round,reference_no,form_no,name,score,category,gender,kashmiri_migrant,pwd_category,minority,cw_quota,ward_quota,mobile,email
CSAS Round-II,142369/LC/21/2/2/CSAS,233511689083,JANHAVI RAI,236.2830509,6,2,Not Applicable,Not Applicable,Not Applicable,Not Applicable,Not Applicable,7905114373,janhvirai657@gmail.com
CSAS Round-II,137890/LC/21/2/2/CSAS,233510838663,SRASHTI YADAV,420.1927572,2,2,Not Applicable,Not Applicable,Not Applicable,Not Applicable,Not Applicable,8471098279,srashti886@gmail.com
CSAS Round-II,132340/LC/21/2/2/CSAS,233510929685,Aastha Jha,585.9146394,1,2,Not Applicable,Not Applicable,Not Applicable,Not Applicable,Not Applicable,7677787905,jhaastha1711@gmail.com
CSAS Round-II,130246/LC/21/2/2/CSAS,233510863312,NITYA SEEROTHIYA,236.1395301,6,2,Not Applicable,Not Applicable,Not Applicable,Not Applicable,Not Applicable,9752587693,NITYASIROTHIYA786@GMAIL.COM
CSAS Round-II,124816/LC/21/2/2/CSAS,233510268408,SWARNIMA SINGH,420.1531742,2,2,Not Applicable,Not Applicable,Not Applicable,Not Applicable,Not Applicable,7754809419,reenasingh100571@gmail.com
CSAS Round-II,120210/LC/21/2/2/CSAS,233510483496,ANJALI KUMARI,410.3597889,2,2,Not Applicable,Not Applicable,Not Applicable,Not Applicable,Not Applicable,9625812646,anjaliyadav220055@gmail.com
CSAS Round-II,111918/LC/21/2/2/CSAS,233510071913,VEDIKA SINGH,585.556105,1,2,Not Applicable,Not Applicable,Not Applicable,Not Applicable,Not Applicable,7355276867,vedikasingh741@gmail.com
CSAS Round-II,108621/LC/21/2/2/CSAS,233510292564,Isma Parveen,407.6650814,2,2,Not Applicable,Not Applicable,Not Applicable,Not Applicable,Not Applicable,9125593868,ismaparveen655@gmail.com
CSAS Round-II,105480/LC/21/2/2/CSAS,233510220729,PRIYAM DIXIT,587.1585256,1,2,Not Applicable,Not Applicable,Not Applicable,Not Applicable,Not Applicable,9899063338,priyam84h@gmail.com
CSAS Round-II,105122/LC/21/2/2/CSAS,233510391467,MANJARI MISHRA,584.7895356,1,2,Not Applicable,Not Applicable,Not Applicable,Not Applicable,Not Applicable,9161562757,idmishra1978@gmail.com
CSAS Round-II,99970/LC/21/2/2/CSAS,233510032099,RIYA VERMA,424.1709172,2,2,Not Applicable,Not Applicable,Not Applicable,Not Applicable,Not Applicable,8819826548,savitarajakmyr@gmail.com
CSAS Round-I,94188/LC/21/1/1/CSAS,233510319250,Anshika Pathak,361.3538626,6,2,Not Applicable,Not Applicable,Not Applicable,Not Applicable,Not Applicable,8650654851,anshiika.pathak@gmail.com
CSAS Round-I,92983/LC/21/1/1/CSAS,233510429489,Sonam,621.4004909,1,2,Not Applicable,Not Applicable,Not Applicable,Not Applicable,Not Applicable,9650179050,cs0348978@gmail.com
CSAS Round-I,87627/LC/21/1/1/CSAS,233510464578,POOJA,465.6933977,4,2,Not Applicable,Not Applicable,Not Applicable,Not Applicable,Not Applicable,8076306510,rampooja230@gmail.com
CSAS Round-I,84698/LC/21/1/1/CSAS,233510060647,JYOTI KUMARI,296.0089338,6,2,Not Applicable,Not Applicable,Not Applicable,Not Applicable,Not Applicable,9936902431,jyotiagrahari04102004@gmail.com
CSAS Round-I,82880/LC/21/1/1/CSAS,233510170693,Bhumika Agarwal,600.2542597,1,2,Not Applicable,Not Applicable,Not Applicable,Not Applicable,Not Applicable,9352662873,bhumishyam2804@gmail.com
CSAS Round-I,80111/LC/21/1/1/CSAS,233510665513,SAUMYA DWIVEDI,594.3849297,1,2,Not Applicable,Not Applicable,Not Applicable,Not Applicable,Yes,8527118375,saumyadwivedi265@gmail.com
CSAS Round-I,79291/LC/21/1/1/CSAS,233510505050,AAROHI MISHRA,619.8630826,1,2,Not Applicable,Not Applicable,Not Applicable,Not Applicable,Not Applicable,9460391435,aarohimishra0705@gmail.com
CSAS Round-I,75994/LC/21/1/1/CSAS,233510445934,SAKSHI,391.5249538,4,2,Not Applicable,Not Applicable,Not Applicable,Not Applicable,Not Applicable,9911782676,rajusinghb1310@gmail.com
CSAS Round-I,71048/LC/21/1/1/CSAS,233510465733,PRERNA CHOKKAR,425.1916214,2,2,Not Applicable,Not Applicable,Not Applicable,Not Applicable,Not Applicable,9911699916,prernachokkar@gmail.com
CSAS Round-I,68915/LC/21/1/1/CSAS,233510508910,Sneha,356.9834617,4,2,Not Applicable,Not Applicable,Not Applicable,Not Applicable,Not Applicable,9310682723,sachinc479@gmail.com
CSAS Round-I,68696/LC/21/1/1/CSAS,233510635352,SWETA RANI,427.8188619,2,2,Not Applicable,Not Applicable,Not Applicable,Not Applicable,Not Applicable,9199671677,satyam12022003@gmail.com
CSAS Round-I,67570/LC/21/1/1/CSAS,233510457992,Kajal kanwal,361.7837953,4,2,Not Applicable,Not Applicable,Not Applicable,Not Applicable,Not Applicable,8178686672,kanwalkajal01@gmail.com
CSAS Round-I,66545/LC/21/1/1/CSAS,233510842264,Kumud Rawat,621.8018743,1,2,Not Applicable,Not Applicable,Not Applicable,Priority VIII: Wards of Serving Personnel,Not Applicable,8439589335,kumud.rawat2410@gmail.com
CSAS Round-I,65231/LC/21/1/1/CSAS,233510342119,DAKSHITA MISHRA,322.8590598,6,2,Not Applicable,Not Applicable,Not Applicable,Not Applicable,Not Applicable,8887651418,dakshitamishra29@gmail.com
CSAS Round-I,63366/LC/21/1/1/CSAS,233510453468,annu kumari,467.2324734,4,2,Not Applicable,Not Applicable,Not Applicable,Not Applicable,Not Applicable,9871967745,kailashshing9871@gmail.com
CSAS Round-I,63216/LC/21/1/1/CSAS,233510036322,AKSHITA,593.1861857,1,2,Not Applicable,Not Applicable,Not Applicable,Not Applicable,Not Applicable,9811880540,akshitagaur2711@gmail.com
CSAS Round-I,63007/LC/21/1/1/CSAS,233510751856,Taniya Deshwal,602.6090986,1,2,Not Applicable,Not Applicable,Not Applicable,Not Applicable,Not Applicable,7011834446,taniyadeshwal049@gmail.com
CSAS Round-I,61957/LC/21/1/1/CSAS,233510198865,NAINCY GUPTA,621.7999962,1,2,Not Applicable,Not Applicable,Not Applicable,Not Applicable,Not Applicable,9460307552,mroopsingh38@gmail.com
CSAS Round-I,60848/LC/21/1/1/CSAS,233510928257,TULSIPRIYA ATHOKPAM,654.2993794,2,2,Not Applicable,Not Applicable,Not Applicable,Not Applicable,Not Applicable,9774050673,sangaicomputers@gmail.com
CSAS Round-I,59365/LC/21/1/1/CSAS,233510171964,GAURIKA GUPTA,588.9031583,1,2,Not Applicable,Not Applicable,Not Applicable,Not Applicable,Not Applicable,9555506707,gaurikagupta05@gmail.com
CSAS Round-I,55934/LC/21/1/1/CSAS,233510508214,NEHA,452.107853,2,2,Not Applicable,Not Applicable,Not Applicable,Not Applicable,Not Applicable,8595425668,kapilgovt1234@gmail.com
CSAS Round-I,54131/LC/21/1/1/CSAS,233510421402,Sudhanshu pandey,619.3504956,1,2,Not Applicable,Not Applicable,Not Applicable,Not Applicable,Not Applicable,9170540053,indramanipandya5611@gmail.com
CSAS Round-I,53772/LC/21/1/1/CSAS,233510498060,Arfia Khan,587.6164511,1,2,Not Applicable,Not Applicable,Not Applicable,Not Applicable,Not Applicable,7355305619,arfiakhan740@gmail.com
CSAS Round-I,47397/LC/21/1/1/CSAS,233510425238,Himanshi,373.6257022,4,2,Not Applicable,Not Applicable,Not Applicable,Not Applicable,Not Applicable,7011129229,gautamhimanshi954@gmail.com
CSAS Round-I,44660/LC/21/1/1/CSAS,233510498996,Saloni Yadav,597.7508614,1,2,Not Applicable,Not Applicable,Not Applicable,Not Applicable,Not Applicable,7982661785,saloniya098@gmail.com
CSAS Round-I,43402/LC/21/1/1/CSAS,233510902708,Bharti markam,172.3109499,5,2,Not Applicable,Not Applicable,Not Applicable,Not Applicable,Not Applicable,9968508150,govindsingh170374@gmail.com
CSAS Round-I,43377/LC/21/1/1/CSAS,233510530195,Gauri Chaturvedi,621.3426902,1,2,Not Applicable,Not Applicable,Not Applicable,Not Applicable,Not Applicable,6398208199,gaurichaturvedi26@gmail.com
CSAS Round-I,38315/LC/21/1/1/CSAS,233510194619,ZEENAT HAYAT,434.3934026,2,2,Not Applicable,Not Applicable,Not Applicable,Not Applicable,Not Applicable,6306822446,zeenathayat42@gmail.com
CSAS Round-I,37752/LC/21/1/1/CSAS,233510354279,MAHAK,372.1113302,4,2,Not Applicable,Not Applicable,Not Applicable,Not Applicable,Not Applicable,8510055652,MAHAKDIGWAL22@GMAIL.COM
CSAS Round-I,37361/LC/21/1/1/CSAS,233510711174,Pooja Thakur,506.1493148,2,2,Not Applicable,Not Applicable,Not Applicable,Not Applicable,Not Applicable,9350080795,vd3101384@gmail.com
CSAS Round-I,37072/LC/21/1/1/CSAS,233510818624,Needa Amaan,447.8780958,2,2,Not Applicable,Not Applicable,Not Applicable,Not Applicable,Not Applicable,7985042444,needaamaan786@gmail.com
CSAS Round-I,33194/LC/21/1/1/CSAS,233510380102,SANYA CHOUDHARY,481.1540804,2,2,Not Applicable,Not Applicable,Not Applicable,Not Applicable,Not Applicable,9654848787,puneetdedha0009@gmail.com
CSAS Round-I,28678/LC/21/1/1/CSAS,233510051038,Durlabha Arshiya Gupta,588.8947763,1,2,Not Applicable,Not Applicable,Not Applicable,Not Applicable,Yes,9810296214,sgupta@econdse.org
CSAS Round-I,28020/LC/21/1/1/CSAS,233510443260,Suruchi Tiwary,622.1455968,1,2,Not Applicable,Not Applicable,Not Applicable,Not Applicable,Not Applicable,9871732721,suruchitiwary1902@gmail.com
CSAS Round-I,26251/LC/21/1/1/CSAS,233510246765,SONALIKA,369.321704,1,2,Not Applicable,7. Blindness,Not Applicable,Not Applicable,Not Applicable,7985097177,rschoudhry04@gmail.com
CSAS Round-I,22784/LC/21/1/1/CSAS,233510645344,TSERING CHOROL,318.5034606,5,2,Not Applicable,Not Applicable,Not Applicable,Not Applicable,Not Applicable,8494045752,chorolt234@gmail.com
CSAS Round-I,22241/LC/21/1/1/CSAS,233510418927,DIVYANKA DANE,535.8430583,2,2,Not Applicable,Not Applicable,Not Applicable,Not Applicable,Not Applicable,9399359927,divyankadane04@gmail.com
CSAS Round-I,22042/LC/21/1/1/CSAS,233510082482,KANISHKA PURI,595.3345284,1,2,Not Applicable,Not Applicable,Not Applicable,Not Applicable,Not Applicable,7011099210,kanishkapuri0209@gmail.com
CSAS Round-I,21434/LC/21/1/1/CSAS,233510754377,KHUSHI GUPTA,593.2242855,1,2,Not Applicable,Not Applicable,Not Applicable,Not Applicable,Not Applicable,9210043736,guptamehak691@gmail.com
CSAS Round-I,18983/LC/21/1/1/CSAS,233510272581,Shivani Goutam,365.0719069,4,2,Not Applicable,Not Applicable,Not Applicable,Not Applicable,Not Applicable,8006179531,gautamshivani258@gmail.com
CSAS Round-I,18548/LC/21/1/1/CSAS,233510004038,Priya Joshi,377.6705355,6,2,Not Applicable,Not Applicable,Not Applicable,Not Applicable,Not Applicable,9927681047,kamleshjoshi.78.kj@gmail.com
CSAS Round-I,18062/LC/21/1/1/CSAS,233510903257,RACHNA,413.1988606,4,2,Not Applicable,Not Applicable,Not Applicable,Not Applicable,Not Applicable,9958521421,rachnamathur1208@gmail.com
CSAS Round-I,15650/LC/21/1/1/CSAS,233510413842,TWINKLE GUPTA,612.4809231,1,2,Not Applicable,Not Applicable,Not Applicable,Not Applicable,Not Applicable,9419608449,vikram00176@gmail.com
CSAS Round-I,12567/LC/21/1/1/CSAS,233510640946,ADITHYA R,506.0483838,2,2,Not Applicable,Not Applicable,Not Applicable,Not Applicable,Not Applicable,8921214799,adithyaudayakumar6@gmail.com
CSAS Round-I,12044/LC/21/1/1/CSAS,233510837468,DISHA MEENA,373.6125018,5,2,Not Applicable,Not Applicable,Not Applicable,Not Applicable,Not Applicable,9999917293,udaisinghmeena78@gmail.com
