round,reference_no,form_no,name,score,category,gender,kashmiri_migrant,pwd_category,minority,cw_quota,ward_quota,mobile,email
CSAS Round-II,145172/LC/620/2/2/CSAS,233510757021,SIDHI KUMARI,374.6790979,3,2,Not Applicable,Not Applicable,Not Applicable,Not Applicable,Not Applicable,7488886236,imthakur.sidhi14@gmail.com
CSAS Round-II,141919/LC/620/2/2/CSAS,233510276166,Shreya Agarwal,590.8218992,1,2,Not Applicable,Not Applicable,Not Applicable,Not Applicable,Not Applicable,9569286865,shreyaagrawal77893@gmail.com
CSAS Round-II,140073/LC/620/2/2/CSAS,233511037104,Gunjan Kumari,335.888904,4,2,Not Applicable,Not Applicable,Not Applicable,Not Applicable,Not Applicable,9310914809,gunjangangwani78@gmail.com
CSAS Round-II,134596/LC/620/2/2/CSAS,233510343523,SHRINJAY GUPTA,399.3910576,3,2,Not Applicable,Not Applicable,Not Applicable,Not Applicable,Not Applicable,8317006265,shreenjaysahu2005@gmail.com
CSAS Round-II,127086/LC/620/2/2/CSAS,233510770040,ANIKA YADAV,375.6314308,3,2,Not Applicable,Not Applicable,Not Applicable,Not Applicable,Not Applicable,9410608471,anikayadav4080@gmail.com
CSAS Round-II,117439/LC/620/2/2/CSAS,233511174518,NAMEIRAKPAM SINTHALEIMA CHANU,411.1471835,3,2,Not Applicable,Not Applicable,Not Applicable,Not Applicable,Not Applicable,9863016740,sinthaleiman@gmail.com
CSAS Round-II,116410/LC/620/2/2/CSAS,233510430041,Riddhima Tripathi,591.08217,1,2,Not Applicable,Not Applicable,Not Applicable,Not Applicable,Not Applicable,8299432687,riddhimatri28@gmail.com
CSAS Round-II,110370/LC/620/2/2/CSAS,233510742663,PRIYA KUMARI,381.5699102,3,2,Not Applicable,Not Applicable,Not Applicable,Not Applicable,Not Applicable,7765940022,kumarip9861@gmail.com
CSAS Round-II,107200/LC/620/2/2/CSAS,233510045261,Sakshi Kumari,397.6516601,3,2,Not Applicable,Not Applicable,Not Applicable,Not Applicable,Not Applicable,6207802628,saakshikumari14@gmail.com
CSAS Round-II,105243/LC/620/2/2/CSAS,233510217653,Ishika Singh,591.3298757,1,2,Not Applicable,Not Applicable,Not Applicable,Priority VI: Wards of Ex-Servicemen,Not Applicable,6287910769,ishikasingh2218@gmail.com
CSAS Round-II,103709/LC/620/2/2/CSAS,233510667382,Salini Yadav,391.8444614,3,2,Not Applicable,Not Applicable,Not Applicable,Not Applicable,Not Applicable,9149243079,yadavsalini16@gmail.com
CSAS Round-II,98208/LC/620/2/2/CSAS,233511521582,Dipti Rani,411.3021828,3,2,Not Applicable,Not Applicable,Not Applicable,Not Applicable,Not Applicable,9113184317,diptiii.2911@gmail.com
CSAS Round-I,94080/LC/620/1/1/CSAS,233510914883,KRITI  KUMARI,473.3849295,3,2,Not Applicable,Not Applicable,Not Applicable,Priority VI: Wards of Ex-Servicemen,Not Applicable,6200184313,kumarsanjay24083@gmail.com
CSAS Round-I,93659/LC/620/1/1/CSAS,233510108621,Arushi Gupta,595.4004053,1,2,Not Applicable,Not Applicable,Not Applicable,Not Applicable,Not Applicable,9555764561,arushig2098@gmail.com
CSAS Round-I,92091/LC/620/1/1/CSAS,233510731434,Areeba Chouhan,591.722546,1,2,Not Applicable,Not Applicable,Not Applicable,Not Applicable,Not Applicable,9821772150,areebarajputchouhan@gmail.com
CSAS Round-I,84904/LC/620/1/1/CSAS,233510319463,NEELAM BHADRI,509.8939038,3,2,Not Applicable,Not Applicable,Not Applicable,Not Applicable,Not Applicable,8791868889,neelambhadri254@gmail.com
CSAS Round-I,79208/LC/620/1/1/CSAS,233510273175,KHUSHI DHAWAN,593.0703176,1,2,Not Applicable,Not Applicable,Not Applicable,Not Applicable,Not Applicable,9873144183,preeti.dhawan@mogroup.com
CSAS Round-I,73958/LC/620/1/1/CSAS,233510649774,Vanshita Kriplani,634.849244,1,2,Not Applicable,Not Applicable,Not Applicable,Not Applicable,Not Applicable,8104993444,kriplanivanshita@gmail.com
CSAS Round-I,72446/LC/620/1/1/CSAS,233510182311,Aruna,599.9099163,1,2,Not Applicable,Not Applicable,Not Applicable,Priority VIII: Wards of Serving Personnel,Not Applicable,7042967685,arunahs2830@gmail.com
CSAS Round-I,72297/LC/620/1/1/CSAS,233511115654,MUSKAN GAUR,352.5515161,6,2,Not Applicable,Not Applicable,Not Applicable,Not Applicable,Not Applicable,7428402328,gaurmuskan0123@gmail.com
CSAS Round-I,70274/LC/620/1/1/CSAS,233510205634,Kalpana,353.2905058,4,2,Not Applicable,Not Applicable,Sikh Minority,Not Applicable,Not Applicable,9953247659,kalpana2005kaur@gmail.com
CSAS Round-I,70043/LC/620/1/1/CSAS,233510010700,SEJAL BADGUJAR,383.0839289,4,2,Not Applicable,Not Applicable,Not Applicable,Not Applicable,Not Applicable,8766324531,sejalbadgujar14@gmail.com
CSAS Round-I,68174/LC/620/1/1/CSAS,233510505712,Rachita Singh,598.5778441,1,2,Not Applicable,Not Applicable,Not Applicable,Not Applicable,Not Applicable,9110974858,rachitajiya2003@gmail.com
CSAS Round-I,67816/LC/620/1/1/CSAS,233510215090,Kumkum kumari,446.7027921,3,2,Not Applicable,Not Applicable,Not Applicable,Not Applicable,Not Applicable,9523046137,kumkumgupta2121@gmail.com
CSAS Round-I,65408/LC/620/1/1/CSAS,233511739073,RASHI ARORA,603.1400274,1,2,Not Applicable,Not Applicable,Not Applicable,Not Applicable,Not Applicable,9650391790,rashiarora1710@gmail.com
CSAS Round-I,64924/LC/620/1/1/CSAS,233511067571,mehak gupta,646.6398915,1,2,Not Applicable,Not Applicable,Not Applicable,Not Applicable,Not Applicable,9870158756,mgmehakgupta2006@gmail.com
CSAS Round-I,64220/LC/620/1/1/CSAS,233510332808,Diya Chhabra,439.6859355,6,2,Not Applicable,Not Applicable,Not Applicable,Not Applicable,Not Applicable,7620858350,diyachhabra09@gmail.com
CSAS Round-I,63279/LC/620/1/1/CSAS,233510217157,DRISHTI AGARWAL,607.1033418,1,2,Not Applicable,Not Applicable,Not Applicable,Not Applicable,Not Applicable,9250379500,drishti1610005@gmail.com
CSAS Round-I,62359/LC/620/1/1/CSAS,233510384408,Simran Kumari,450.3015586,3,2,Not Applicable,Not Applicable,Not Applicable,Not Applicable,Not Applicable,9815599405,simrankumariverma8@gmail.com
CSAS Round-I,60229/LC/620/1/1/CSAS,233510106955,SUNITA KERKETTA,456.123142,5,2,Not Applicable,Not Applicable,Not Applicable,Not Applicable,Not Applicable,8210131052,ellensaritakerketta@gmail.com
CSAS Round-I,58973/LC/620/1/1/CSAS,233510469462,RIDDHIKA KHULLAR,597.7661126,1,2,Not Applicable,Not Applicable,Not Applicable,Not Applicable,Not Applicable,9818433744,riddhika.khullar20@gmail.com
CSAS Round-I,57346/LC/620/1/1/CSAS,233510320027,Ishita Bansal,598.4703455,1,2,Not Applicable,Not Applicable,Not Applicable,Not Applicable,Not Applicable,7011524695,bansalishita006@gmail.com
CSAS Round-I,48621/LC/620/1/1/CSAS,233510387354,SUHANI RAJ,420.3548,6,2,Not Applicable,Not Applicable,Not Applicable,Not Applicable,Not Applicable,6202971809,suhanisinghramdiri47@gmail.com
CSAS Round-I,47624/LC/620/1/1/CSAS,233510143840,ASMA SHIREEN,629.5515439,1,2,Not Applicable,Not Applicable,Not Applicable,Not Applicable,Not Applicable,6388302910,asma_s05@icloud.com
CSAS Round-I,45907/LC/620/1/1/CSAS,233511429386,MS JAHANVI MEENA,277.4783676,5,2,Not Applicable,Not Applicable,Not Applicable,Not Applicable,Not Applicable,6375717584,jahanvikasalwal03@gmail.com
CSAS Round-I,44857/LC/620/1/1/CSAS,233510340241,Palki,401.3501514,6,2,Not Applicable,Not Applicable,Not Applicable,Not Applicable,Not Applicable,9211267859,palkityagi541@gmail.com
CSAS Round-I,38947/LC/620/1/1/CSAS,233510163097,Sejal Mishra,612.5543294,1,2,Not Applicable,Not Applicable,Not Applicable,Not Applicable,Not Applicable,8299884494,sejalmishra012@gmail.com
CSAS Round-I,33859/LC/620/1/1/CSAS,233510751005,Dipali Kanaujiya,382.1332642,4,2,Not Applicable,Not Applicable,Not Applicable,Not Applicable,Not Applicable,9958607629,karankanojia022@gmail.com
CSAS Round-I,32971/LC/620/1/1/CSAS,233510738145,MANSI JHA,630.3326656,1,2,Not Applicable,Not Applicable,Not Applicable,Not Applicable,Not Applicable,9810633328,jpjhadelhi@gmail.com
CSAS Round-I,31706/LC/620/1/1/CSAS,233510023659,Jayawardhini Singh,417.5695692,4,2,Not Applicable,Not Applicable,Not Applicable,Not Applicable,Not Applicable,9328039456,tikaniajaya@gmail.com
CSAS Round-I,29880/LC/620/1/1/CSAS,233510390078,drishti,610.6470506,1,2,Not Applicable,Not Applicable,Not Applicable,Not Applicable,Not Applicable,7827871617,drishti.bhatt2005@gmail.com
CSAS Round-I,23818/LC/620/1/1/CSAS,233510628613,MISTHI SANJAY SHANKER,348.5391142,4,2,Not Applicable,Not Applicable,Not Applicable,Not Applicable,Not Applicable,8447182846,misthishanker2312@gmail.com
CSAS Round-I,10897/LC/620/1/1/CSAS,233510202688,PRATIBHA SINGH,343.6351497,4,2,Not Applicable,Not Applicable,Not Applicable,Not Applicable,Not Applicable,9416343916,PRATIBHASINGH82005@GMAIL.COM
CSAS Round-I,10762/LC/620/1/1/CSAS,233510052240,VAIDEEKA ARYA,308.565434,6,2,Not Applicable,Not Applicable,Not Applicable,Not Applicable,Not Applicable,9837430094,vaideekaarya@gmail.com
