round,reference_no,form_no,name,score,category,gender,kashmiri_migrant,pwd_category,minority,cw_quota,ward_quota,mobile,email
CSAS Round-II,146321/LC/359/2/2/CSAS,233510042236,Ranjana singh rana,173.8505479,4,2,Not Applicable,Not Applicable,Not Applicable,Not Applicable,Not Applicable,6395296044,ranjana101203@gmail.com
CSAS Round-II,132551/LC/359/2/2/CSAS,233510212909,AKANKSHA SINGH,176.6484194,4,2,Not Applicable,Not Applicable,Not Applicable,Not Applicable,Not Applicable,9667070474,kvobukf@gmail.com
CSAS Round-II,132388/LC/359/2/2/CSAS,233510113720,Prachi gangwal,181.2314819,4,2,Not Applicable,Not Applicable,Not Applicable,Not Applicable,Not Applicable,9873784106,gangwalprachi3@gmail.com
CSAS Round-II,129598/LC/359/2/2/CSAS,233510280241,Aditi Rajawat,433.8956163,1,2,Not Applicable,Not Applicable,Not Applicable,Not Applicable,Not Applicable,9582158084,aditi.rajawat10@gmail.com
CSAS Round-II,120018/LC/359/2/2/CSAS,233510157607,Shandhya,279.0359538,3,2,Not Applicable,Not Applicable,Not Applicable,Priority VIII: Wards of Serving Personnel,Not Applicable,9780786422,sandhya032520@gmail.com
CSAS Round-II,119982/LC/359/2/2/CSAS,233510389058,ARCHANA YADAV,287.6534007,3,2,Not Applicable,Not Applicable,Not Applicable,Priority VIII: Wards of Serving Personnel,Not Applicable,8859751287,yadavarchana7459@gmail.com
CSAS Round-II,117540/LC/359/2/2/CSAS,233511130220,KUMARI ARPITA RANI,283.2118064,3,2,Not Applicable,Not Applicable,Not Applicable,Not Applicable,Not Applicable,8298618416,kumariarpitarani003@gmail.com
CSAS Round-II,99291/LC/359/2/2/CSAS,233510756961,HARSHITA AGGARWAL,437.6460492,1,2,Not Applicable,Not Applicable,Not Applicable,Not Applicable,Not Applicable,8302715567,Harshitaaggarwal040@gmail.com
CSAS Round-I,95136/LC/359/1/1/CSAS,233510301505,KUSUM,237.2620564,4,2,Not Applicable,Not Applicable,Not Applicable,Not Applicable,Not Applicable,8700086559,harishkhinchi28@gmail.com
CSAS Round-I,86419/LC/359/1/1/CSAS,233510392231,MANSI KUMARI,264.8683797,6,2,Not Applicable,Not Applicable,Not Applicable,Not Applicable,Not Applicable,9608617715,mansikri8651@gmail.com
CSAS Round-I,85227/LC/359/1/1/CSAS,233510392232,MUSKAN KUMARI,256.0874957,6,2,Not Applicable,Not Applicable,Not Applicable,Not Applicable,Not Applicable,6205394656,ydvpratik768@gmail.com
CSAS Round-I,83808/LC/359/1/1/CSAS,233510157059,Gunjan Mangla,445.4885386,1,2,Not Applicable,Not Applicable,Not Applicable,Not Applicable,Not Applicable,9350369836,manglagunjan3@gmail.com
CSAS Round-I,83047/LC/359/1/1/CSAS,233510400108,ISHIKA LOHANI,443.2192196,1,2,Not Applicable,Not Applicable,Not Applicable,Not Applicable,Not Applicable,8858614477,ishikalohani14@gmail.com
CSAS Round-I,75176/LC/359/1/1/CSAS,233510146372,BABLI CHOUDHARY,303.9060258,3,2,Not Applicable,Not Applicable,Not Applicable,Not Applicable,Not Applicable,9586667952,sc166977@gmail.com
CSAS Round-I,73058/LC/359/1/1/CSAS,233510991223,Priyadarshini Singh,313.0662906,6,2,Not Applicable,Not Applicable,Not Applicable,Not Applicable,Not Applicable,9570448425,priyadarshini.tomar14@gmail.com
CSAS Round-I,72919/LC/359/1/1/CSAS,233511019827,Chehak Gupta,443.7630968,1,2,Not Applicable,Not Applicable,Not Applicable,Not Applicable,Not Applicable,9212440202,chehak.gupta.2004@gmail.com
CSAS Round-I,72373/LC/359/1/1/CSAS,233511072113,Sakshi  Kumari,304.7925884,3,2,Not Applicable,Not Applicable,Not Applicable,Not Applicable,Not Applicable,8595236869,sanjeevsanjeev04848@gmail.com
CSAS Round-I,61880/LC/359/1/1/CSAS,233510489114,Jahnvi Lakhera,442.3225558,1,2,Not Applicable,Not Applicable,Not Applicable,Not Applicable,Not Applicable,8448236936,lakherajahnvi@gmail.com
CSAS Round-I,55152/LC/359/1/1/CSAS,233510338928,ADITI SINGH,297.902504,3,2,Not Applicable,Not Applicable,Not Applicable,Not Applicable,Not Applicable,9685009291,aditisingh18871@gmail.com
CSAS Round-I,54863/LC/359/1/1/CSAS,233510139231,DRISHTI,218.0311006,4,2,Not Applicable,Not Applicable,Not Applicable,Not Applicable,Not Applicable,9354352925,drishtiaswal@gmail.com
CSAS Round-I,52619/LC/359/1/1/CSAS,233510758991,Sakshi,303.6760562,3,2,Not Applicable,Not Applicable,Not Applicable,Not Applicable,Not Applicable,8053853530,chiragchoken2001@gmail.com
CSAS Round-I,48776/LC/359/1/1/CSAS,233510171207,vaishnavi sharma,438.1777078,1,2,Not Applicable,Not Applicable,Not Applicable,Not Applicable,Not Applicable,8448361253,vaishnavio1708@gmail.com
CSAS Round-I,43905/LC/359/1/1/CSAS,233510753742,Disha Dhingra,438.3546251,1,2,Not Applicable,Not Applicable,Not Applicable,Not Applicable,Not Applicable,8585989808,dishadhingra204@gmail.com
CSAS Round-I,43637/LC/359/1/1/CSAS,233510214538,Pranjali Bhardwaj,446.1393075,1,2,Not Applicable,Not Applicable,Not Applicable,Not Applicable,Not Applicable,9205815980,pranjali.7780@gmail.com
CSAS Round-I,40786/LC/359/1/1/CSAS,233510182342,AANYA JAIN,440.8966875,1,2,Not Applicable,Not Applicable,Not Applicable,Not Applicable,Not Applicable,9667595763,aanya.march1995@gmail.com
CSAS Round-I,40230/LC/359/1/1/CSAS,233511124409,BOJA SUKANYA,295.988801,6,2,Not Applicable,Not Applicable,Not Applicable,Not Applicable,Not Applicable,9346557612,bojasukanya@gmail.com
CSAS Round-I,33756/LC/359/1/1/CSAS,233510513388,SNEHA,207.3698473,4,2,Not Applicable,Not Applicable,Not Applicable,Not Applicable,Not Applicable,8595711900,snehakanwadia@gmail.com
CSAS Round-I,24459/LC/359/1/1/CSAS,233510147608,AASTHA SINGH YADAV,302.4856403,3,2,Not Applicable,Not Applicable,Not Applicable,Not Applicable,Not Applicable,9990862168,aasthasy31@gmail.com
CSAS Round-I,20734/LC/359/1/1/CSAS,233511055551,BHAVYA SOMANI,439.3744428,1,2,Not Applicable,Not Applicable,Not Applicable,Not Applicable,Not Applicable,9810412749,bhavyasomani2005@gmail.com
CSAS Round-I,18497/LC/359/1/1/CSAS,233510330710,Disha Gupta,452.3477927,1,2,Not Applicable,Not Applicable,Not Applicable,Not Applicable,Not Applicable,9811832490,disha.gupta5284@gmail.com
