round,reference_no,form_no,name,score,category,gender,kashmiri_migrant,pwd_category,minority,cw_quota,ward_quota,mobile,email
CSAS Round-II,138338/LC/728/2/2/CSAS,233510154452,SNEHA CHANDA,525.1562125,1,2,Not Applicable,Not Applicable,Not Applicable,Not Applicable,Not Applicable,9650247907,subratasneha15@gmail.com
CSAS Round-II,136033/LC/728/2/2/CSAS,233510587864,SWARNIKA GAUTAM,334.5273105,3,2,Not Applicable,Not Applicable,Not Applicable,Not Applicable,Not Applicable,8544652397,0swarnikagautam0@gmail.com
CSAS Round-II,97831/LC/728/2/2/CSAS,233510137219,Shivanya Priyadarshini,207.2093374,4,2,Not Applicable,Not Applicable,Not Applicable,Not Applicable,Not Applicable,9508204740,Shivanyapriyadarshani@gmail.com
CSAS Round-I,92865/LC/728/1/1/CSAS,233510321427,Suhani Jain,532.695704,1,2,Not Applicable,Not Applicable,Not Applicable,Not Applicable,Not Applicable,9818656009,Jainsuhani3121@gmail.com
CSAS Round-I,91940/LC/728/1/1/CSAS,233510370492,SARA VERMA,554.3215491,1,2,Not Applicable,Not Applicable,Not Applicable,Not Applicable,Not Applicable,9999998036,sara2005verma@gmail.com
CSAS Round-I,86498/LC/728/1/1/CSAS,233510675940,Zikra,542.4718423,1,2,Not Applicable,Not Applicable,Not Applicable,Not Applicable,Not Applicable,9873199842,zikrafatima16@gmail.com
CSAS Round-I,70878/LC/728/1/1/CSAS,233510355919,Sanskriti Verma,498.574313,3,2,Not Applicable,Not Applicable,Not Applicable,Not Applicable,Not Applicable,9399293302,sanskriti23092003@gmail.com
CSAS Round-I,64577/LC/728/1/1/CSAS,233510259813,ASHI SINGH,530.7637973,1,2,Not Applicable,Not Applicable,Not Applicable,Not Applicable,Not Applicable,9411810923,viratsinghsbc2@gmail.com
CSAS Round-I,63646/LC/728/1/1/CSAS,233510507733,MANASWI KUMARI,340.9097781,6,2,Not Applicable,Not Applicable,Not Applicable,Not Applicable,Not Applicable,9153522176,manaswi0103@gmail.com
CSAS Round-I,54213/LC/728/1/1/CSAS,233510065035,Riya Sankhla,274.322785,4,2,Not Applicable,Not Applicable,Not Applicable,Not Applicable,Not Applicable,9582972820,ks4169151@gmail.com
CSAS Round-I,54152/LC/728/1/1/CSAS,233510551016,Disha Kaushik,551.7623389,1,2,Not Applicable,Not Applicable,Not Applicable,Not Applicable,Not Applicable,9458480216,dishakaushik05@gmail.com
CSAS Round-I,48126/LC/728/1/1/CSAS,233511475238,PANKHURI DAS,247.3678994,4,2,Not Applicable,Not Applicable,Not Applicable,Not Applicable,Not Applicable,9199394974,daspankhuri480@gmail.com
CSAS Round-I,46734/LC/728/1/1/CSAS,233510710520,DIVYA,499.6265643,3,2,Not Applicable,Not Applicable,Not Applicable,Not Applicable,Not Applicable,9828199584,divyakulhari15@gmail.com
CSAS Round-I,46074/LC/728/1/1/CSAS,233510508174,SHRISTI KUMARI,494.7032548,3,2,Not Applicable,Not Applicable,Not Applicable,Not Applicable,Not Applicable,7903837549,shristikumari055@gmail.com
CSAS Round-I,40495/LC/728/1/1/CSAS,233510628198,DAMINI CHAUHAN,390.3131568,3,2,Not Applicable,Not Applicable,Not Applicable,Not Applicable,Not Applicable,9451579765,ankitkumarchauhan740@gmail.com
CSAS Round-I,34436/LC/728/1/1/CSAS,233510321236,MANASAVI KASHAV,543.8562322,1,2,Not Applicable,Not Applicable,Not Applicable,Not Applicable,Not Applicable,8920693201,manasvikashav@gmail.com
CSAS Round-I,22500/LC/728/1/1/CSAS,233510022931,Vaidehi Mitter,548.3421915,1,2,Not Applicable,Not Applicable,Not Applicable,Not Applicable,Not Applicable,9711760025,vaidehimitter03@gmail.com
CSAS Round-I,16227/LC/728/1/1/CSAS,233510164146,Shreya Gupta,602.7964323,1,2,Not Applicable,Not Applicable,Not Applicable,Priority VI: Wards of Ex-Servicemen,Not Applicable,9519467182,gshreya464@gmail.com
CSAS Round-I,14572/LC/728/1/1/CSAS,233510806435,SHRISTI UJINWAL,277.1961845,4,2,Not Applicable,Not Applicable,Not Applicable,Not Applicable,Not Applicable,8929618701,shristiujinwal26092004@gmail.com
