round,reference_no,form_no,name,score,category,gender,kashmiri_migrant,pwd_category,minority,cw_quota,ward_quota,mobile,email
CSAS Round-II,145859/LC/842/2/2/CSAS,233510042153,NAVYA VASHISHT,396.442761,1,2,Not Applicable,Not Applicable,Not Applicable,Not Applicable,Not Applicable,7015731667,archana.vashisht10@gmail.com
CSAS Round-II,136720/LC/842/2/2/CSAS,233510634545,Harshita Raj,390.9672016,1,2,Not Applicable,Not Applicable,Not Applicable,Not Applicable,Not Applicable,9262933222,pharshitaraj7@gmail.com
CSAS Round-II,98212/LC/842/2/2/CSAS,233510833134,PRACHI SINGH,386.0135007,1,2,Not Applicable,Not Applicable,Not Applicable,Not Applicable,Not Applicable,9389947373,ps093648@gmail.com
CSAS Round-I,95606/LC/842/1/1/CSAS,233510169705,Vienna Borah,522.3141291,1,2,Not Applicable,Not Applicable,Not Applicable,Not Applicable,Not Applicable,9910471397,viennaaborah@gmail.com
CSAS Round-I,90665/LC/842/1/1/CSAS,233510635433,ISHIKA PANDEY,473.5219967,1,2,Not Applicable,Not Applicable,Not Applicable,Not Applicable,Not Applicable,9312215640,pandeyashok2007@gmail.com
CSAS Round-I,78832/LC/842/1/1/CSAS,233510648715,NANCY LAKRA,423.7111266,1,2,Not Applicable,Not Applicable,Not Applicable,Not Applicable,Not Applicable,9466352242,nancylakra1605@gmail.com
CSAS Round-I,72288/LC/842/1/1/CSAS,233510314975,SABHYTA,467.8994375,1,2,Not Applicable,Not Applicable,Not Applicable,Not Applicable,Not Applicable,9729311617,sabhytamalik09@gmail.com
CSAS Round-I,68717/LC/842/1/1/CSAS,233510347742,MANJUSHA JHA,404.3125561,1,2,Not Applicable,Not Applicable,Not Applicable,Not Applicable,Not Applicable,9654888606,manjushajha4867@gmail.com
CSAS Round-I,61549/LC/842/1/1/CSAS,233510421215,BHUMIKA,412.7486559,1,2,Not Applicable,Not Applicable,Not Applicable,Not Applicable,Not Applicable,9910691055,bhumikamarwah02@gmail.com
CSAS Round-I,49445/LC/842/1/1/CSAS,233511430812,ANJANA A S,316.9726288,3,2,Not Applicable,Not Applicable,Not Applicable,Not Applicable,Not Applicable,9048455463,sheenakumarivs123@gmail.com
CSAS Round-I,43710/LC/842/1/1/CSAS,233510079386,AARUSHI THAKUR,556.8440335,1,2,Not Applicable,Not Applicable,Not Applicable,Not Applicable,Not Applicable,9810733124,thakur.aarushi2288@gmail.com
CSAS Round-I,24271/LC/842/1/1/CSAS,233511375893,DAMINI CHATURVEDI,402.6166706,1,2,Not Applicable,Not Applicable,Not Applicable,Not Applicable,Not Applicable,9696758190,dchaturvedi0250@gmail.com
