round,reference_no,form_no,name,score,category,gender,kashmiri_migrant,pwd_category,minority,cw_quota,ward_quota,mobile,email
CSAS Round-II,136471/LC/643/2/2/CSAS,233510234735,ALIZA IMAM,351.0689514,3,2,Not Applicable,Not Applicable,Not Applicable,Not Applicable,Not Applicable,8789360602,rjahan8789@gmail.com
CSAS Round-II,136007/LC/643/2/2/CSAS,233510124197,Prachi,502.2767447,1,2,Not Applicable,Not Applicable,Not Applicable,Not Applicable,Not Applicable,9899057313,prachidrall15@gmail.com
CSAS Round-II,116270/LC/643/2/2/CSAS,233511537469,ANJEL,502.4013324,1,2,Not Applicable,Not Applicable,Not Applicable,Not Applicable,Not Applicable,9351011959,bishnoianjel1149@gmail.com
CSAS Round-II,109316/LC/643/2/2/CSAS,233510519177,POOJA KUMARI,353.7700755,3,2,Not Applicable,Not Applicable,Not Applicable,Not Applicable,Not Applicable,9310748718,pme77791@gmail.com
CSAS Round-II,109209/LC/643/2/2/CSAS,233510127784,SRISHTI SINGH,357.0946806,3,2,Not Applicable,Not Applicable,Not Applicable,Not Applicable,Not Applicable,9140428002,srishtisingh080505@gmail.com
CSAS Round-II,103438/LC/643/2/2/CSAS,233510784473,JAY SHREE VERMA,332.8629282,4,2,Not Applicable,Not Applicable,Not Applicable,Not Applicable,Not Applicable,9179118903,aakvarma10897@gmail.com
CSAS Round-II,100433/LC/643/2/2/CSAS,233510266447,SONU,510.0356209,4,2,Not Applicable,Not Applicable,Not Applicable,Not Applicable,Not Applicable,8750043806,neena1981gaur@gmail.com
CSAS Round-II,96961/LC/643/2/2/CSAS,233511607637,Ananya,171.3462442,6,2,Not Applicable,Not Applicable,Not Applicable,Not Applicable,Not Applicable,9210585123,ananya852740@gmail.com
CSAS Round-I,95469/LC/643/1/1/CSAS,233510079235,Priyanka,394.4620229,3,2,Not Applicable,Not Applicable,Not Applicable,Not Applicable,Not Applicable,8826128525,kumar.raj1883@gmail.com
CSAS Round-I,91630/LC/643/1/1/CSAS,233510512944,Simran Mahajan,514.9812333,1,2,Not Applicable,Not Applicable,Not Applicable,Not Applicable,Not Applicable,8178318231,simranmahajan.sts@gmail.com
CSAS Round-I,90393/LC/643/1/1/CSAS,233510011588,Sargam Singh,224.5533661,6,2,Not Applicable,Not Applicable,Not Applicable,Not Applicable,Not Applicable,9170747466,sargam.singh121@gmail.com
CSAS Round-I,83876/LC/643/1/1/CSAS,233511178041,SANJANA KUMARI,363.1890963,4,2,Not Applicable,Not Applicable,Not Applicable,Not Applicable,Not Applicable,9395281662,kumarisanjana29705@gmail.com
CSAS Round-I,79674/LC/643/1/1/CSAS,233510868916,Medhavi Rathore,527.0395435,1,2,Not Applicable,Not Applicable,Not Applicable,Not Applicable,Not Applicable,8052853240,medhavirathore690@gmail.com
CSAS Round-I,75161/LC/643/1/1/CSAS,233510092363,Garima Sharma,520.415627,1,2,Not Applicable,Not Applicable,Not Applicable,Not Applicable,Not Applicable,8826325758,umeshkumarsharma724@gmail.com
CSAS Round-I,74685/LC/643/1/1/CSAS,233510633419,SHANVI SINGH,374.2516564,3,2,Not Applicable,Not Applicable,Not Applicable,Not Applicable,Not Applicable,6204105551,shanvisingh991@gmail.com
CSAS Round-I,73275/LC/643/1/1/CSAS,233510919370,Mehroshi naz,227.0830849,6,2,Not Applicable,Not Applicable,Not Applicable,Not Applicable,Not Applicable,9065666992,mehroshinaz@gmail.com
CSAS Round-I,71233/LC/643/1/1/CSAS,233510752257,Ayasha Khatoon,482.28525,3,2,Not Applicable,Not Applicable,Not Applicable,Not Applicable,Not Applicable,7701952690,khatoonayesha0447@gmail.com
CSAS Round-I,68745/LC/643/1/1/CSAS,233510147971,Shivanshi,445.4242586,4,2,Not Applicable,Not Applicable,Not Applicable,Not Applicable,Not Applicable,8400126730,shivanshi104a@gmail.com
CSAS Round-I,68202/LC/643/1/1/CSAS,233510275106,ANUSHKA,453.9869128,4,2,Not Applicable,Not Applicable,Not Applicable,Not Applicable,Not Applicable,9250723872,anushka110704@gmail.com
CSAS Round-I,63659/LC/643/1/1/CSAS,233510253519,Tulsa,506.1959977,1,2,Not Applicable,Not Applicable,Not Applicable,Not Applicable,Not Applicable,9773558447,shivkumar94469@gmail.com
CSAS Round-I,60016/LC/643/1/1/CSAS,233510119190,POOJA,535.9381973,1,2,Not Applicable,Not Applicable,Not Applicable,Not Applicable,Not Applicable,9991879749,rbaloda501@gmail.com
CSAS Round-I,41938/LC/643/1/1/CSAS,233510066505,Mahwish fazal,315.422656,6,2,Not Applicable,Not Applicable,Not Applicable,Not Applicable,Not Applicable,6299031418,fazalmahwish27@gmail.com
CSAS Round-I,39273/LC/643/1/1/CSAS,233510091998,PRAGYA GUPTA,378.1606311,3,2,Not Applicable,Not Applicable,Not Applicable,Not Applicable,Not Applicable,8601145561,suryaprakashgupta028@gmail.com
CSAS Round-I,38489/LC/643/1/1/CSAS,233510234158,Tejasvini Kandpal,503.1125018,1,2,Not Applicable,Not Applicable,Not Applicable,Not Applicable,Not Applicable,8475032799,kandpalvini@gmail.com
CSAS Round-I,35191/LC/643/1/1/CSAS,233510491292,MANSI SINHA,372.6260727,3,2,Not Applicable,Not Applicable,Not Applicable,Not Applicable,Not Applicable,8292578333,mansisinha829257@gmail.com
CSAS Round-I,32085/LC/643/1/1/CSAS,233510400863,URJA TRIPATHI,516.1860806,1,2,Not Applicable,Not Applicable,Not Applicable,Not Applicable,Not Applicable,9999688000,urjatripathi08@gmail.com
CSAS Round-I,26755/LC/643/1/1/CSAS,233510601942,RASHMI YADAV,478.9903531,3,2,Not Applicable,Not Applicable,Not Applicable,Not Applicable,Not Applicable,9450489907,NPRCRAJESH9450@GMAIL.COM
CSAS Round-I,26061/LC/643/1/1/CSAS,233510734416,MUSKAN KUMARI,524.0489195,1,2,Not Applicable,Not Applicable,Not Applicable,Not Applicable,Not Applicable,8287325380,mk6466829@gmail.com
CSAS Round-I,25696/LC/643/1/1/CSAS,233510289381,KANISHKA BHATIA,511.331422,1,2,Not Applicable,Not Applicable,Not Applicable,Not Applicable,Not Applicable,7011024752,kanishkabhatia19@gmail.com
CSAS Round-I,16208/LC/643/1/1/CSAS,233510428144,Himanshi,505.968823,1,2,Not Applicable,Not Applicable,Not Applicable,Not Applicable,Not Applicable,7827501726,himanshi777888@gmail.com
CSAS Round-I,13455/LC/643/1/1/CSAS,233510484900,Harshita Maulekhi,524.4399522,1,2,Not Applicable,Not Applicable,Not Applicable,Not Applicable,Not Applicable,9868918193,mansimaulekhi@gmail.com
CSAS Round-I,13040/LC/643/1/1/CSAS,233510602492,TANISHA,334.1359662,4,2,Not Applicable,Not Applicable,Not Applicable,Not Applicable,Not Applicable,7982861584,tanishasonawane7@gmail.com
CSAS Round-I,11552/LC/643/1/1/CSAS,233510454169,Kavita,518.5540879,1,2,Not Applicable,Not Applicable,Not Applicable,Not Applicable,Not Applicable,8595993613,parihark961@gmail.com
