round,reference_no,form_no,name,score,category,gender,kashmiri_migrant,pwd_category,minority,cw_quota,ward_quota,mobile,email
CSAS Round-II,146404/LC/36/2/2/CSAS,233510467833,Roopal singh,623.0215196,1,2,Not Applicable,Not Applicable,Not Applicable,Not Applicable,Not Applicable,7982667563,rksingh.lic@gmail.com
CSAS Round-II,145640/LC/36/2/2/CSAS,233510771806,Prerna,622.9286947,1,2,Not Applicable,Not Applicable,Not Applicable,Not Applicable,Not Applicable,9798663993,anrerpv@gmail.com
CSAS Round-II,144712/LC/36/2/2/CSAS,233510491595,PRIYANSHU PRIYA,386.8575811,6,2,Not Applicable,Not Applicable,Not Applicable,Not Applicable,Not Applicable,7261846883,priyanshupriya854@gmail.com
CSAS Round-II,144670/LC/36/2/2/CSAS,233510292764,ISHA,622.4180559,1,2,Not Applicable,Not Applicable,Not Applicable,yes,Not Applicable,7015286939,ishachhillar05@gmail.com
CSAS Round-II,139033/LC/36/2/2/CSAS,233510177682,ANUPAMA SRIVASTAVA,404.6441529,6,2,Not Applicable,Not Applicable,Not Applicable,Not Applicable,Not Applicable,9811471459,anucommerce25@gmail.com
CSAS Round-II,138275/LC/36/2/2/CSAS,233511430343,Pragaya Kumari,397.3986997,6,2,Not Applicable,Not Applicable,Not Applicable,Not Applicable,Not Applicable,7503555581,pragaya.kumari.205592@gmail.com
CSAS Round-II,134982/LC/36/2/2/CSAS,233510321231,Anika Rai,408.505884,6,2,Not Applicable,Not Applicable,Not Applicable,Not Applicable,Not Applicable,8318651688,raianika363@gmail.com
CSAS Round-II,134847/LC/36/2/2/CSAS,233510397400,Yati Samvedi,622.9409706,1,2,Not Applicable,Not Applicable,Not Applicable,Not Applicable,Not Applicable,7355128261,yatisamvedi@gmail.com
CSAS Round-II,131978/LC/36/2/2/CSAS,233510230561,Aditi goel,407.219231,6,2,Not Applicable,Not Applicable,Not Applicable,Not Applicable,Not Applicable,9625209387,aditigoel80@gmail.com
CSAS Round-II,131045/LC/36/2/2/CSAS,233510481064,Riya Adhana,410.6697314,3,2,Not Applicable,Not Applicable,Not Applicable,Not Applicable,Not Applicable,8851878722,riyadhana02@gmail.com
CSAS Round-II,130303/LC/36/2/2/CSAS,233510789057,KHUSI SINGH RAGHUVANSHI,406.398897,6,2,Not Applicable,Not Applicable,Not Applicable,Not Applicable,Not Applicable,7007746593,shiviraghuvanshi82@gmail.com
CSAS Round-II,127854/LC/36/2/2/CSAS,233510096557,Sakshi singh chandel,382.8804991,6,2,Not Applicable,Not Applicable,Not Applicable,Not Applicable,Not Applicable,7898997126,sakshisingh789899@gmail.com
CSAS Round-II,123301/LC/36/2/2/CSAS,233510860552,SRISTY RAJ,396.6007209,3,2,Not Applicable,Not Applicable,Not Applicable,Not Applicable,Not Applicable,7033377239,sristyraj35625@gmail.com
CSAS Round-II,122858/LC/36/2/2/CSAS,233510315299,SAKSHI KUMARI,382.6981822,6,2,Not Applicable,Not Applicable,Not Applicable,Not Applicable,Not Applicable,9315545738,sakshikumari25092005@gmail.com
CSAS Round-II,121770/LC/36/2/2/CSAS,233510233728,Jyoti yadav,408.3088329,3,2,Not Applicable,Not Applicable,Not Applicable,Not Applicable,Not Applicable,9103256660,jyotiyad231@gmail.com
CSAS Round-II,121429/LC/36/2/2/CSAS,233510159963,PRATISHTHA KUMAR,621.8435426,1,2,Not Applicable,Not Applicable,Not Applicable,Not Applicable,Not Applicable,9868129668,ujjwalkumar1978@gmail.com
CSAS Round-II,119441/LC/36/2/2/CSAS,233510147812,Vanshika Singh,372.6831897,6,2,Not Applicable,Not Applicable,Not Applicable,Not Applicable,Not Applicable,8360282402,vanshu3103singh@gmail.com
CSAS Round-II,118216/LC/36/2/2/CSAS,233510292421,Mahika Agarwal,622.8427406,1,2,Not Applicable,Not Applicable,Not Applicable,Not Applicable,Not Applicable,8218516734,mahikaagarwal68@gmail.com
CSAS Round-II,117437/LC/36/2/2/CSAS,233510282421,Akanksha Sharma,621.4233688,1,2,Not Applicable,Not Applicable,Not Applicable,Not Applicable,Not Applicable,9829288719,akankshasharma7250@gmail.com
CSAS Round-II,112250/LC/36/2/2/CSAS,233510311849,Kanisha,621.9271407,1,2,Not Applicable,Not Applicable,Not Applicable,Not Applicable,Not Applicable,7497825110,kanishachandna@gmail.com
CSAS Round-II,111158/LC/36/2/2/CSAS,233510038195,PRERNA MALI,404.9732832,3,2,Not Applicable,Not Applicable,Not Applicable,Not Applicable,Not Applicable,8950429592,prernamali0606@gmail.com
CSAS Round-II,111053/LC/36/2/2/CSAS,233510832243,Shubhra Singh,621.4864479,1,2,Not Applicable,Not Applicable,Not Applicable,Priority VIII: Wards of Serving Personnel,Not Applicable,9760464599,shubhras313@gmail.com
CSAS Round-II,107440/LC/36/2/2/CSAS,233510248873,Tanya Sharma,623.2917981,1,2,Not Applicable,Not Applicable,Not Applicable,Not Applicable,Not Applicable,9818280109,ashwaniawasthi13@gmail.com
CSAS Round-II,106805/LC/36/2/2/CSAS,233511563827,Shalvi Prakash,308.0725374,4,2,Not Applicable,Not Applicable,Not Applicable,Not Applicable,Not Applicable,9142459576,shalvi895@gmail.com
CSAS Round-II,104441/LC/36/2/2/CSAS,233510399226,AKSHITA YOGI,400.962936,3,2,Not Applicable,Not Applicable,Not Applicable,Not Applicable,Not Applicable,9461396121,AKSHITAYOGI91@GMAIL.COM
CSAS Round-II,104128/LC/36/2/2/CSAS,233510261779,ANIKA ATTRI,622.5883684,1,2,Not Applicable,Not Applicable,Not Applicable,Not Applicable,Not Applicable,8368789770,anikaattri54@gmail.com
CSAS Round-II,102440/LC/36/2/2/CSAS,233510397576,NEHA,309.3909002,4,2,Not Applicable,Not Applicable,Not Applicable,Not Applicable,Not Applicable,9911458614,neelammahour991145@gmail.com
CSAS Round-II,96380/LC/36/2/2/CSAS,233510633002,CHHAVI SHARMA,405.2384068,3,2,Not Applicable,Not Applicable,Not Applicable,Not Applicable,Not Applicable,9013324907,schhavi751@gmail.com
CSAS Round-I,94311/LC/36/1/1/CSAS,233510293939,LAKSHITA SEHGAL,639.1979546,1,2,Not Applicable,Not Applicable,Not Applicable,Not Applicable,Not Applicable,9899464648,sehgallakshita25@gmail.com
CSAS Round-I,94278/LC/36/1/1/CSAS,233510746531,CHESHTA,439.8256515,3,2,Not Applicable,Not Applicable,Not Applicable,Not Applicable,Not Applicable,7988622047,ramniwasbhatt631@gmail.com
CSAS Round-I,94123/LC/36/1/1/CSAS,233511459049,SANIA YADAV,419.6942324,3,2,Not Applicable,Not Applicable,Not Applicable,Not Applicable,Not Applicable,9671478961,KAMLESHYADAV96431@GMAIL.COM
CSAS Round-I,93548/LC/36/1/1/CSAS,233510291101,AISHNA KUMARI,643.7529402,1,2,Not Applicable,Not Applicable,Not Applicable,Not Applicable,Not Applicable,9005742601,satyamenterprises1978@gmail.com
CSAS Round-I,93430/LC/36/1/1/CSAS,233510185321,SARAH GATTANI,651.8255648,1,2,Not Applicable,Not Applicable,Not Applicable,Not Applicable,Not Applicable,8368218185,sarahgattani@gmail.com
CSAS Round-I,92820/LC/36/1/1/CSAS,233510731317,MANSHA,476.8418823,6,2,Not Applicable,Not Applicable,Not Applicable,Not Applicable,Not Applicable,8791537178,narulamansha@gmail.com
CSAS Round-I,92790/LC/36/1/1/CSAS,233510465758,Kaushangi Pradhan,635.8237876,1,2,Not Applicable,Not Applicable,Not Applicable,Not Applicable,Not Applicable,8989518968,Pradhankaushangi@gmail.com
CSAS Round-I,92770/LC/36/1/1/CSAS,233510402558,Gazal Sharma,626.1610221,1,2,Not Applicable,Not Applicable,Not Applicable,Not Applicable,Not Applicable,7415258463,gazalsharma100@gmail.com
CSAS Round-I,92482/LC/36/1/1/CSAS,233510357631,Himanshi Arora,626.4318489,1,2,Not Applicable,Not Applicable,Not Applicable,Not Applicable,Not Applicable,8979152290,arorahimanshi344@gmail.com
CSAS Round-I,92458/LC/36/1/1/CSAS,233510281322,Tanishka Sodhi,648.1787532,1,2,Not Applicable,Not Applicable,Not Applicable,Not Applicable,Not Applicable,9310164082,sodhishally4@gmail.com
CSAS Round-I,92079/LC/36/1/1/CSAS,233510116403,Kriti Pandey,653.2803855,1,2,Not Applicable,Not Applicable,Not Applicable,Not Applicable,Not Applicable,9718974025,Kritip1105@gmail.com
CSAS Round-I,91636/LC/36/1/1/CSAS,233510045543,Kriti bharti,340.1181371,4,2,Not Applicable,Not Applicable,Not Applicable,Not Applicable,Not Applicable,9354679652,bhartiashok83@gmail.com
CSAS Round-I,91464/LC/36/1/1/CSAS,233510060576,Shreya Tiwari,480.7124751,6,2,Not Applicable,Not Applicable,Not Applicable,Not Applicable,Not Applicable,9151665531,shreyatiwari1511@gmail.com
CSAS Round-I,90908/LC/36/1/1/CSAS,233510736949,Diya Jain,632.0740697,1,2,Not Applicable,Not Applicable,Not Applicable,Not Applicable,Not Applicable,7060720857,amssre.16274@gmail.com
CSAS Round-I,90875/LC/36/1/1/CSAS,233510010708,Sneha Rathi,656.7725491,1,2,Not Applicable,Not Applicable,Not Applicable,Not Applicable,Not Applicable,7015515600,baljeetrathi01@gmail.com
CSAS Round-I,90626/LC/36/1/1/CSAS,233510377340,ANUSHKA CHOUDHARY,649.8158829,1,2,Not Applicable,Not Applicable,Not Applicable,Not Applicable,Not Applicable,9012446624,982007kh@gmail.com
CSAS Round-I,90466/LC/36/1/1/CSAS,233510302992,Harshita jain,654.3420055,1,2,Not Applicable,Not Applicable,Not Applicable,Not Applicable,Not Applicable,9953372728,harshitajain102005@gmail.com
CSAS Round-I,89912/LC/36/1/1/CSAS,233510141081,Khwaish Khandelwal,661.8819048,1,2,Not Applicable,Not Applicable,Not Applicable,Not Applicable,Not Applicable,9311189445,khwaishkhandelwal21@gmail.com
CSAS Round-I,89879/LC/36/1/1/CSAS,233510604751,Palak,454.95642,3,2,Not Applicable,Not Applicable,Not Applicable,Not Applicable,Not Applicable,7838839965,Sneha2369ydv@gmail.com
CSAS Round-I,89847/LC/36/1/1/CSAS,233510370638,Tavishi Khanna,634.9689722,1,2,Not Applicable,Not Applicable,Not Applicable,Not Applicable,Not Applicable,7011430101,ritumetals@gmail.com
CSAS Round-I,89384/LC/36/1/1/CSAS,233510103098,Rashmi Rajput,427.8285769,3,2,Not Applicable,Not Applicable,Not Applicable,Not Applicable,Not Applicable,9756988742,rashmirajput031@gmail.com
CSAS Round-I,89253/LC/36/1/1/CSAS,233510705068,TANISHA YADAV,426.256475,3,2,Not Applicable,Not Applicable,Not Applicable,Not Applicable,Not Applicable,8851992148,ytanisha286@gmail.com
CSAS Round-I,88812/LC/36/1/1/CSAS,233511314316,Kashish Choudhary,428.7913057,3,2,Not Applicable,Not Applicable,Not Applicable,Not Applicable,Not Applicable,9304184717,kashishch17@gmail.com
CSAS Round-I,88737/LC/36/1/1/CSAS,233510503896,Priyanshi Mahendru,628.5054358,1,2,Not Applicable,Not Applicable,Not Applicable,Not Applicable,Not Applicable,7011387052,priyanshi.work54@gmail.com
CSAS Round-I,87492/LC/36/1/1/CSAS,233510573651,SWASTI JAIN,628.0691914,1,2,Not Applicable,Not Applicable,Not Applicable,Not Applicable,Not Applicable,8168658049,rajiv.jain133@gmail.com
CSAS Round-I,87237/LC/36/1/1/CSAS,233510458201,Ruchika Choudhary,458.2199173,3,2,Not Applicable,Not Applicable,Not Applicable,Not Applicable,Not Applicable,7678367183,ruchikachoudhary887@gmail.com
CSAS Round-I,87229/LC/36/1/1/CSAS,233511725613,MANSI,472.907414,3,2,Not Applicable,Not Applicable,Not Applicable,Not Applicable,Not Applicable,9958987960,mansikhari07@gmail.com
CSAS Round-I,86969/LC/36/1/1/CSAS,233510009558,Kratika Singh,446.5199763,3,2,Not Applicable,Not Applicable,Not Applicable,Not Applicable,Not Applicable,8090577936,skratika90@gmail.com
CSAS Round-I,85096/LC/36/1/1/CSAS,233510177629,PRACHI YADAV,623.9203422,1,2,Not Applicable,Not Applicable,Not Applicable,Not Applicable,Not Applicable,8826226057,prachiyadav954@gmail.com
CSAS Round-I,84922/LC/36/1/1/CSAS,233510042274,RITU SINGH SOLANKI,642.6007215,1,2,Not Applicable,Not Applicable,Not Applicable,Not Applicable,Not Applicable,9718173194,danveersolanki20@gmail.com
CSAS Round-I,84326/LC/36/1/1/CSAS,233511208139,Honey singh,444.0934215,6,2,Not Applicable,Not Applicable,Not Applicable,Not Applicable,Not Applicable,7081506174,hny9048@gmail.com
CSAS Round-I,83797/LC/36/1/1/CSAS,233510844200,Srishti,639.1070344,1,2,Not Applicable,Not Applicable,Not Applicable,Not Applicable,Not Applicable,9871575105,srishtinagpal10@gmail.com
CSAS Round-I,83664/LC/36/1/1/CSAS,233510238068,JYOTI YADAV,447.5021996,3,2,Not Applicable,Not Applicable,Not Applicable,Not Applicable,Not Applicable,9873569262,jyotiyaduvanshi1305@gmail.com
CSAS Round-I,82846/LC/36/1/1/CSAS,233510527044,Bhawna,445.8178286,4,2,Not Applicable,Not Applicable,Not Applicable,Not Applicable,Not Applicable,9310112069,bhawnarunner@gmail.com
CSAS Round-I,81901/LC/36/1/1/CSAS,233510304352,Diya Deshwal,632.7846776,1,2,Not Applicable,Not Applicable,Not Applicable,Not Applicable,Not Applicable,8168078153,diyadeshwal1@gmail.com
CSAS Round-I,80404/LC/36/1/1/CSAS,233510448386,Himanshi,633.792487,1,2,Not Applicable,Not Applicable,Not Applicable,Not Applicable,Not Applicable,9996746125,himanshi46125@gmail.com
CSAS Round-I,80284/LC/36/1/1/CSAS,233510419563,Ritika,629.234439,1,2,Not Applicable,Not Applicable,Not Applicable,Not Applicable,Not Applicable,9350043280,chaudharynutan01@gmail.com
CSAS Round-I,80218/LC/36/1/1/CSAS,233510745401,PRIYA RAJ,372.5116075,4,2,Not Applicable,Not Applicable,Not Applicable,Not Applicable,Not Applicable,9110081583,priyarajpri81@gmail.com
CSAS Round-I,80112/LC/36/1/1/CSAS,233510466585,Palakshi Arora,637.8594862,1,2,Not Applicable,Not Applicable,Not Applicable,Not Applicable,Not Applicable,8057208000,palakshiarorar17@gmail.com
CSAS Round-I,80073/LC/36/1/1/CSAS,233510524870,Somya Singh,644.6042294,1,2,Not Applicable,Not Applicable,Not Applicable,Not Applicable,Not Applicable,7906124399,sshailaja2004@gmail.com
CSAS Round-I,80016/LC/36/1/1/CSAS,233511141830,Himani Agarwal,636.8662606,1,2,Not Applicable,Not Applicable,Not Applicable,Not Applicable,Not Applicable,9354655091,himaniagarwal210@gmail.com
CSAS Round-I,79212/LC/36/1/1/CSAS,233510556306,Asmita Yadav,428.398733,3,2,Not Applicable,Not Applicable,Not Applicable,Not Applicable,Not Applicable,9198206102,asmitayadav246@gmail.com
CSAS Round-I,78604/LC/36/1/1/CSAS,233511071874,Deeksha,447.184786,3,2,Not Applicable,Not Applicable,Not Applicable,Not Applicable,Not Applicable,7009339522,dy0008806@gmail.com
CSAS Round-I,78329/LC/36/1/1/CSAS,233510173835,LATHIYA RIDHIBEN KISHORBHAI,461.8406636,6,2,Not Applicable,Not Applicable,Not Applicable,Not Applicable,Not Applicable,8849749476,lathiyalataben@gmail.com
CSAS Round-I,77979/LC/36/1/1/CSAS,233510550808,Rishika Jaiswal,479.5649227,3,2,Not Applicable,Not Applicable,Not Applicable,Not Applicable,Not Applicable,8868045057,rishikajaiswal459@gmail.com
CSAS Round-I,77145/LC/36/1/1/CSAS,233510507185,Arti Prakash,470.8498786,6,2,Not Applicable,Not Applicable,Not Applicable,Not Applicable,Not Applicable,7011374813,prakasharti104@gmail.com
CSAS Round-I,76942/LC/36/1/1/CSAS,233510193502,Tanya Goyal,628.941804,1,2,Not Applicable,Not Applicable,Not Applicable,Not Applicable,Not Applicable,8920752233,tanyagoyal249@gmail.com
CSAS Round-I,75937/LC/36/1/1/CSAS,233510270802,Suhani Mantry,642.1690201,1,2,Not Applicable,Not Applicable,Not Applicable,Not Applicable,Not Applicable,8860087226,mantrysuhani.01@gmail.com
CSAS Round-I,75743/LC/36/1/1/CSAS,233510765608,Chhavi Gupta,631.1072004,1,2,Not Applicable,Not Applicable,Not Applicable,Not Applicable,Not Applicable,7830211882,gchhavi1313@gmail.com
CSAS Round-I,75136/LC/36/1/1/CSAS,233510856029,KOMAL KUMARI,440.3490479,3,2,Not Applicable,Not Applicable,Not Applicable,Not Applicable,Not Applicable,7992480817,navyamraushan@gmail.com
CSAS Round-I,75120/LC/36/1/1/CSAS,233510751527,Bhumika Balotia,320.4779146,4,2,Not Applicable,Not Applicable,Not Applicable,Not Applicable,Not Applicable,9354987201,balotia11bhumika@gmail.com
CSAS Round-I,75077/LC/36/1/1/CSAS,233510942051,Mansi Shoora,638.3237116,1,2,Not Applicable,Not Applicable,Not Applicable,Not Applicable,Not Applicable,9017508091,mansishoora@gmail.com
CSAS Round-I,74974/LC/36/1/1/CSAS,233510304248,GUNJAN AGARWAL,649.5002673,1,2,Not Applicable,Not Applicable,Not Applicable,Not Applicable,Not Applicable,9289153142,gunjanagarwal0605@gmail.com
CSAS Round-I,74758/LC/36/1/1/CSAS,233510469592,KASHISH JAISWAL,442.5389806,3,2,Not Applicable,Not Applicable,Not Applicable,Not Applicable,Not Applicable,7348601050,jaiswalkashish1255@gmail.com
CSAS Round-I,73971/LC/36/1/1/CSAS,233510316645,Harshita Ahuja,631.7566387,1,2,Not Applicable,Not Applicable,Not Applicable,Not Applicable,Not Applicable,9654424144,harshitaahuja3333@gmail.com
CSAS Round-I,72676/LC/36/1/1/CSAS,233510471764,Niyati,630.3472944,1,2,Not Applicable,Not Applicable,Not Applicable,Not Applicable,Not Applicable,9466930395,niyatisinghal726@gmail.com
CSAS Round-I,72653/LC/36/1/1/CSAS,233510142222,Anusha Ashish,624.9018145,1,2,Not Applicable,Not Applicable,Not Applicable,Not Applicable,Not Applicable,9901390698,anushaashishusa@gmail.com
CSAS Round-I,72553/LC/36/1/1/CSAS,233511225326,Tanya Jain,658.9185812,1,2,Not Applicable,Not Applicable,Not Applicable,Not Applicable,Not Applicable,8826678930,tanyajain089@gmail.com
CSAS Round-I,72012/LC/36/1/1/CSAS,233510129250,SWARNIMA RAWAT,650.4236439,1,2,Not Applicable,Not Applicable,Not Applicable,Not Applicable,Not Applicable,7088893777,swarnima.rawat2005@gmail.com
CSAS Round-I,70206/LC/36/1/1/CSAS,233510154792,MUSKAN CHAUHAN,638.1854531,1,2,Not Applicable,Not Applicable,Not Applicable,Not Applicable,Not Applicable,7048990921,chauhandimple02121974@gmail.com
CSAS Round-I,69603/LC/36/1/1/CSAS,233510274613,Bhavika Chugh,628.3348075,1,2,Not Applicable,Not Applicable,Not Applicable,Not Applicable,Not Applicable,7901724457,bhavika123.a@gmail.com
CSAS Round-I,64741/LC/36/1/1/CSAS,233511647569,Akshya Pathak,635.8852945,1,2,Not Applicable,Not Applicable,Not Applicable,Not Applicable,Not Applicable,8305753340,akshya9401@gmail.com
CSAS Round-I,64641/LC/36/1/1/CSAS,233510136118,VINTI JAIN,633.0930097,1,2,Not Applicable,Not Applicable,Not Applicable,Not Applicable,Not Applicable,7836907875,sharmanex123@gmail.com
CSAS Round-I,64299/LC/36/1/1/CSAS,233510159917,Rupali,651.6551323,1,2,Not Applicable,Not Applicable,Not Applicable,Not Applicable,Not Applicable,7015799399,rupalinarang05@gmail.com
CSAS Round-I,63824/LC/36/1/1/CSAS,233510270657,PALAK GUPTA,417.5656499,3,2,Not Applicable,Not Applicable,Not Applicable,Not Applicable,Not Applicable,7488537930,gupta1237488@gmail.com
CSAS Round-I,63638/LC/36/1/1/CSAS,233510494261,Reeta,470.6040447,3,2,Not Applicable,Not Applicable,Not Applicable,Not Applicable,Not Applicable,9654351209,kushwahabadshah724@gmail.com
CSAS Round-I,63588/LC/36/1/1/CSAS,233510448068,TIYA SHARMA,454.5028557,6,2,Not Applicable,Not Applicable,Not Applicable,Not Applicable,Not Applicable,7983863054,tiasharma6115@gmail.com
CSAS Round-I,63561/LC/36/1/1/CSAS,233510166059,ANJALI,324.2173866,4,2,Not Applicable,Not Applicable,Not Applicable,Not Applicable,Not Applicable,8750342886,anjalirajput2383@gmail.com
CSAS Round-I,63138/LC/36/1/1/CSAS,233510565599,ALKA,353.9234129,4,2,Not Applicable,Not Applicable,Not Applicable,Not Applicable,Not Applicable,8800302530,alka34582@gmail.com
CSAS Round-I,63103/LC/36/1/1/CSAS,233510158370,ANSHIKA RANA,504.6240966,4,2,Not Applicable,Not Applicable,Not Applicable,Not Applicable,Not Applicable,6306815185,anilrana738@gmail.com
CSAS Round-I,63081/LC/36/1/1/CSAS,233510239278,SOUMYA SINGH,462.4093252,3,2,Not Applicable,Not Applicable,Not Applicable,Not Applicable,Not Applicable,8757440320,mahendrasngbbu@gmail.com
CSAS Round-I,62705/LC/36/1/1/CSAS,233510274809,JUHI YADAV,439.0697308,3,2,Not Applicable,Not Applicable,Not Applicable,Not Applicable,Not Applicable,9897727531,juhiyadav1015@gmail.com
