round,reference_no,form_no,name,score,category,gender,kashmiri_migrant,pwd_category,minority,cw_quota,ward_quota,mobile,email
CSAS Round-II,142297/LC/762/2/2/CSAS,233511168671,Khushbu Chaudhary,541.6083951,1,2,Not Applicable,Not Applicable,Not Applicable,Not Applicable,Not Applicable,7900995212,khushbuchaudhary886@gmail.com
CSAS Round-II,136323/LC/762/2/2/CSAS,233511562098,Amisa Patnayak,543.3886514,1,2,Not Applicable,Not Applicable,Not Applicable,Not Applicable,Not Applicable,9968836063,amisapatnayak58@gmail.com
CSAS Round-II,130958/LC/762/2/2/CSAS,233510320694,ANSHIKA TOMAR,542.0757093,1,2,Not Applicable,Not Applicable,Not Applicable,Not Applicable,Not Applicable,9528350729,8790anshika@gmail.com
CSAS Round-II,98001/LC/762/2/2/CSAS,233510130398,Nidhi kushwaha,346.0941502,3,2,Not Applicable,Not Applicable,Not Applicable,Not Applicable,Not Applicable,8750409380,nidhineharishabh@gmail.com
CSAS Round-II,97164/LC/762/2/2/CSAS,233510377051,DEVESHI JAISWAL,356.8745534,3,2,Not Applicable,Not Applicable,Not Applicable,Not Applicable,Not Applicable,6388828598,Deveshijaiswal123@gmail.com
CSAS Round-I,95302/LC/762/1/1/CSAS,233510795926,YASHASVI BHATI,549.9706154,1,2,Not Applicable,Not Applicable,Not Applicable,Not Applicable,Not Applicable,6377730228,bhatiyashasvi12@gmail.com
CSAS Round-I,95173/LC/762/1/1/CSAS,233510157123,Jyotsna Dadwal,588.6393172,1,2,Not Applicable,Not Applicable,Not Applicable,Not Applicable,Not Applicable,9105330173,Jyotsnadadwal16@gmail.com
CSAS Round-I,94034/LC/762/1/1/CSAS,233510002920,Sonal,435.8199561,3,2,Not Applicable,Not Applicable,Not Applicable,Priority VIII: Wards of Serving Personnel,Not Applicable,7303348488,Daderwalsonal@gmail.com
CSAS Round-I,81643/LC/762/1/1/CSAS,233511533973,Ishita Jain,548.312402,1,2,Not Applicable,Not Applicable,Not Applicable,Not Applicable,Not Applicable,9354596251,ishitadev1702@gmail.com
CSAS Round-I,80616/LC/762/1/1/CSAS,233510358472,SAKSHI SHARMA,566.2728215,1,2,Not Applicable,Not Applicable,Not Applicable,Not Applicable,Not Applicable,8447961797,sakshi2005sharma@gmail.com
CSAS Round-I,79679/LC/762/1/1/CSAS,233510086063,LAVANYA ARORA,592.9173588,1,2,Not Applicable,Not Applicable,Not Applicable,Not Applicable,Not Applicable,9818623708,amineeta@gmail.com
CSAS Round-I,69461/LC/762/1/1/CSAS,233510520717,Bablee kumari,202.0836704,6,2,Not Applicable,Not Applicable,Not Applicable,Not Applicable,Not Applicable,7667156571,sauravkr9471@gmail.com
CSAS Round-I,65441/LC/762/1/1/CSAS,233510477779,PRACHI BHARGAV,493.7843095,3,2,Not Applicable,Not Applicable,Not Applicable,Not Applicable,Not Applicable,8077388431,prachibhargav05@gmail.com
CSAS Round-I,63594/LC/762/1/1/CSAS,233510881684,Shalini Talukdar,557.3543663,1,2,Not Applicable,Not Applicable,Not Applicable,Not Applicable,Not Applicable,8812865839,sh4linitalukdar@gmail.com
CSAS Round-I,62664/LC/762/1/1/CSAS,233510578263,Kanishka Rana,256.9323398,4,2,Not Applicable,Not Applicable,Not Applicable,Not Applicable,Not Applicable,7017876973,kanishkarana08@gmail.com
CSAS Round-I,60175/LC/762/1/1/CSAS,233510450004,ANAMIKA SINGH,249.5073167,6,2,Not Applicable,Not Applicable,Not Applicable,Not Applicable,Not Applicable,7080957908,singhanamika74178@gmail.com
CSAS Round-I,54825/LC/762/1/1/CSAS,233510208913,Vibhati Sharma,565.9627135,1,2,Not Applicable,Not Applicable,Not Applicable,Not Applicable,Not Applicable,8800458313,vibhatis7@gmail.com
CSAS Round-I,44994/LC/762/1/1/CSAS,233510289252,Ishita Thakral,613.5042569,1,2,Not Applicable,Not Applicable,Not Applicable,Not Applicable,Not Applicable,8368014754,ishitathakral17@gmail.com
CSAS Round-I,30063/LC/762/1/1/CSAS,233510747647,AARADHYA RAJAN,291.9223956,4,2,Not Applicable,Not Applicable,Not Applicable,Not Applicable,Not Applicable,7983160503,aaradhyarajan066@gmail.com
CSAS Round-I,24954/LC/762/1/1/CSAS,233510090396,KAANCHI VERMA,511.3177411,3,2,Not Applicable,Not Applicable,Not Applicable,Not Applicable,Not Applicable,7292085930,kaanchiverma61@gmail.com
CSAS Round-I,17189/LC/762/1/1/CSAS,233510071223,Saanvi Jain,584.0769318,1,2,Not Applicable,Not Applicable,Not Applicable,Not Applicable,Not Applicable,7011165444,saanujain2004@gmail.com
