round,reference_no,form_no,name,score,category,gender,kashmiri_migrant,pwd_category,minority,cw_quota,ward_quota,mobile,email
CSAS Round-II,131505/LC/766/2/2/CSAS,233510285682,NITYA JAISWAL,408.3657212,3,2,Not Applicable,Not Applicable,Not Applicable,Not Applicable,Not Applicable,9807341620,jsaumya1995@gmail.com
CSAS Round-II,119946/LC/766/2/2/CSAS,233510547410,Heena,359.0116101,6,2,Not Applicable,Not Applicable,Not Applicable,Not Applicable,Not Applicable,9911351346,heenasiddi357@gmail.com
CSAS Round-II,96682/LC/766/2/2/CSAS,233510163923,kanan dhuria,352.5345521,5,2,Not Applicable,Not Applicable,Not Applicable,Not Applicable,Not Applicable,7217759484,dhuriakanan2@gmail.com
CSAS Round-I,91613/LC/766/1/1/CSAS,233510004636,Vandana Rajesh,663.4175126,1,2,Not Applicable,Not Applicable,Not Applicable,Not Applicable,Not Applicable,6282177470,vandanarajesh16@gmail.com
CSAS Round-I,88098/LC/766/1/1/CSAS,233510315618,Kanak Gandharv,630.8154669,1,2,Not Applicable,Not Applicable,Not Applicable,Not Applicable,Not Applicable,8595804538,kanakgandharv9@gmail.com
CSAS Round-I,85666/LC/766/1/1/CSAS,233510499415,Bodhika Anand,670.9854716,1,2,Not Applicable,Not Applicable,Not Applicable,Not Applicable,Not Applicable,8527630790,bodhika2004@gmail.com
CSAS Round-I,84367/LC/766/1/1/CSAS,233510179030,Priya yadav,454.9378254,3,2,Not Applicable,Not Applicable,Not Applicable,Not Applicable,Not Applicable,9811534664,hmntmattu8860@gmail.com
CSAS Round-I,76839/LC/766/1/1/CSAS,233511193488,MANISHA CHOUDHARY,469.8296637,3,2,Not Applicable,Not Applicable,Not Applicable,Not Applicable,Not Applicable,9586667952,bubblespatel94@gmail.com
CSAS Round-I,66533/LC/766/1/1/CSAS,233510626815,Anamika Sharma,384.3246618,6,2,Not Applicable,Not Applicable,Not Applicable,Not Applicable,Not Applicable,9968807381,luckymk0786@gmail.com
CSAS Round-I,64807/LC/766/1/1/CSAS,233510083134,Shivi Singh,641.4180639,1,2,Not Applicable,Not Applicable,Not Applicable,Not Applicable,Not Applicable,9811530510,shivi1211s@gmail.com
CSAS Round-I,55247/LC/766/1/1/CSAS,233510399765,Muskan kumari,467.3302218,3,2,Not Applicable,Not Applicable,Not Applicable,Priority VI: Wards of Ex-Servicemen,Not Applicable,7900638020,muskan45.sah@gmail.com
CSAS Round-I,45118/LC/766/1/1/CSAS,233510225275,Aadya Bhatia,618.1574298,1,2,Not Applicable,Not Applicable,Not Applicable,Not Applicable,Not Applicable,9871067084,aadyabhatia999@gmail.com
CSAS Round-I,41558/LC/766/1/1/CSAS,233510183443,Shreya Singh,425.6841386,4,2,Not Applicable,Not Applicable,Not Applicable,Not Applicable,Not Applicable,6392072972,anilkumar28217@gmail.com
CSAS Round-I,37351/LC/766/1/1/CSAS,233510292688,Kirti Gupta,631.9474211,1,2,Not Applicable,Not Applicable,Not Applicable,Not Applicable,Not Applicable,9891255100,484kirti@gmail.com
CSAS Round-I,34653/LC/766/1/1/CSAS,233510308857,Anushka Puri,623.4956398,1,2,Not Applicable,Not Applicable,Not Applicable,Not Applicable,Not Applicable,9667139593,purianushka2005@gmail.com
CSAS Round-I,33622/LC/766/1/1/CSAS,233510850668,Prabha Kumari Sahani,447.9419792,3,2,Not Applicable,Not Applicable,Not Applicable,Priority VIII: Wards of Serving Personnel,Not Applicable,6204758229,prabhakumarishahni@gmail.com
CSAS Round-I,31043/LC/766/1/1/CSAS,233510344569,VACHI KAPIL,617.3324062,1,2,Not Applicable,Not Applicable,Not Applicable,Not Applicable,Not Applicable,9810438001,vachi10kapil@gmail.com
CSAS Round-I,27340/LC/766/1/1/CSAS,233511341332,ASTHA MALLICK,370.0780219,4,2,Not Applicable,Not Applicable,Not Applicable,Not Applicable,Not Applicable,9667485035,asthamallick46@gmail.com
CSAS Round-I,25884/LC/766/1/1/CSAS,233510911211,Stanzin Angmo,172.8631984,5,2,Not Applicable,Not Applicable,Not Applicable,Not Applicable,Not Applicable,8082701123,astanzin09@gmail.com
CSAS Round-I,23644/LC/766/1/1/CSAS,233510550872,PRACHI YADAV,472.284081,3,2,Not Applicable,Not Applicable,Not Applicable,Not Applicable,Not Applicable,9873255781,toniyadav3110@gmail.com
CSAS Round-I,18839/LC/766/1/1/CSAS,233510893628,POORVA NAGPURE,479.5638032,3,2,Not Applicable,Not Applicable,Not Applicable,Not Applicable,Not Applicable,6264676897,poorvanagpure2006@gmail.com
CSAS Round-I,18835/LC/766/1/1/CSAS,233510324571,Ritika,362.0013297,4,2,Not Applicable,Not Applicable,Not Applicable,Not Applicable,Not Applicable,8920139588,ritikadhariwanrd05@gmail.com
CSAS Round-I,15337/LC/766/1/1/CSAS,233510050041,Priyanshi Sabharwal,626.4702433,1,2,Not Applicable,Not Applicable,Not Applicable,Not Applicable,Not Applicable,8800215315,priyanshisabharwal6@gmail.com
