round,reference_no,form_no,name,score,category,gender,kashmiri_migrant,pwd_category,minority,cw_quota,ward_quota,mobile,email
CSAS Round-II,145806/LC/661/2/2/CSAS,233510255629,NIKITA SINGH,409.8141204,1,2,Not Applicable,Not Applicable,Not Applicable,Not Applicable,Not Applicable,9711277054,2005nikita.singh@gmail.com
CSAS Round-II,141440/LC/661/2/2/CSAS,233510727887,Tanisha Saini,408.7542907,1,2,Not Applicable,Not Applicable,Not Applicable,Not Applicable,Not Applicable,9456260319,sainivineet20@gmail.com
CSAS Round-II,140639/LC/661/2/2/CSAS,233510183603,Ummehani,422.0876562,1,2,Not Applicable,Not Applicable,Not Applicable,Not Applicable,Not Applicable,8595298057,roshnizaidi33@gmail.com
CSAS Round-II,128494/LC/661/2/2/CSAS,233511580876,Anshul Yadav,429.96349,1,2,Not Applicable,Not Applicable,Not Applicable,Not Applicable,Not Applicable,9971819131,yadavanshul668@gmail.com
CSAS Round-II,123702/LC/661/2/2/CSAS,233510370590,Arya Dubey,418.2074303,1,2,Not Applicable,Not Applicable,Not Applicable,Not Applicable,Not Applicable,9341330010,dubeyarya566@gmail.com
CSAS Round-II,120626/LC/661/2/2/CSAS,233510270615,Priya Pathania,407.2888848,1,2,Not Applicable,Not Applicable,Not Applicable,Not Applicable,Not Applicable,9958309939,priyapathania110@gmail.com
CSAS Round-II,116299/LC/661/2/2/CSAS,233510266076,Prity kumari,411.583801,1,2,Not Applicable,Not Applicable,Not Applicable,Not Applicable,Not Applicable,7728821401,0075prityrai@gmail.com
CSAS Round-II,103676/LC/661/2/2/CSAS,233510132634,NIKITA  SINGH,413.8656653,1,2,Not Applicable,Not Applicable,Not Applicable,Not Applicable,Not Applicable,9211802635,jha9211802635@gmail.com
CSAS Round-II,98090/LC/661/2/2/CSAS,233510303526,Samridhi Das,410.6316895,1,2,Not Applicable,Not Applicable,Not Applicable,Not Applicable,Not Applicable,8839365973,daslalck@gmail.com
CSAS Round-I,88805/LC/661/1/1/CSAS,233510695210,Kasak,431.1641999,1,2,Not Applicable,Not Applicable,Not Applicable,Not Applicable,Not Applicable,9773657283,shokeenkasak@gmail.com
CSAS Round-I,71185/LC/661/1/1/CSAS,233510170650,RIYA,434.1792865,1,2,Not Applicable,Not Applicable,Not Applicable,Not Applicable,Not Applicable,9416586541,cchoudharyriya@gmail.com
CSAS Round-I,71173/LC/661/1/1/CSAS,233510208806,RISHITA,439.199783,1,2,Not Applicable,Not Applicable,Not Applicable,Not Applicable,Not Applicable,9416925241,choudharyrishita007@gmail.com
CSAS Round-I,31031/LC/661/1/1/CSAS,233510411066,Gaytri Rani,142.7433471,3,2,Not Applicable,Not Applicable,Not Applicable,Not Applicable,Not Applicable,9896492742,gayutri07@gmail.com
