round,reference_no,form_no,name,score,category,gender,kashmiri_migrant,pwd_category,minority,cw_quota,ward_quota,mobile,email
CSAS Round-II,147194/LC/760/2/2/CSAS,233510491132,VATSALA,349.2667722,3,2,Not Applicable,Not Applicable,Not Applicable,Not Applicable,Not Applicable,8468031967,vatsaly00@gmail.com
CSAS Round-II,143977/LC/760/2/2/CSAS,233510042455,Kavya Srivastava,533.5690045,1,2,Not Applicable,Not Applicable,Not Applicable,Not Applicable,Not Applicable,8130031759,Kavya.srivastava2005@gmail.com
CSAS Round-II,139924/LC/760/2/2/CSAS,233510493294,shreya singh,352.9213504,3,2,Not Applicable,Not Applicable,Not Applicable,Not Applicable,Not Applicable,8787237071,shrenyas1302@gmail.com
CSAS Round-II,138632/LC/760/2/2/CSAS,233510084010,Pooja,356.9578629,3,2,Not Applicable,Not Applicable,Not Applicable,Not Applicable,Not Applicable,8837512491,PY893576@GMAIL.COM
CSAS Round-II,129311/LC/760/2/2/CSAS,233510637857,Naaz Bano,354.5637295,3,2,Not Applicable,Not Applicable,Not Applicable,Not Applicable,Not Applicable,9528125097,godshooter2@gmail.com
CSAS Round-II,124563/LC/760/2/2/CSAS,233510407196,Manasvi Gaur,533.8850538,1,2,Not Applicable,Not Applicable,Not Applicable,Not Applicable,Not Applicable,8826733399,lokeshgaur9312@gmail.com
CSAS Round-II,121879/LC/760/2/2/CSAS,233510620712,PALAK GUPTA,339.83307,3,2,Not Applicable,Not Applicable,Not Applicable,Not Applicable,Not Applicable,6393676822,Pg4118712@gmail.com
CSAS Round-II,121421/LC/760/2/2/CSAS,233510669670,ADITI DABAS,534.4063025,1,2,Not Applicable,Not Applicable,Not Applicable,Not Applicable,Not Applicable,9212052661,pradeepdabas75@gmail.com
CSAS Round-II,120297/LC/760/2/2/CSAS,233511415429,VEENA RAJPUT,531.4187246,1,2,Not Applicable,Not Applicable,Not Applicable,Not Applicable,Not Applicable,9131956067,neha.rajput.15.8.83@gmail.com
CSAS Round-II,118201/LC/760/2/2/CSAS,233510617329,Aadya Kashyap,532.9533918,1,2,Not Applicable,Not Applicable,Not Applicable,Not Applicable,Not Applicable,7289022899,kashyapaadya13@gmail.com
CSAS Round-II,113818/LC/760/2/2/CSAS,233510225335,Amrita Singh Chauhan,534.4243156,1,2,Not Applicable,Not Applicable,Not Applicable,Not Applicable,Not Applicable,6307582655,chauhanas2005@gmail.com
CSAS Round-II,112158/LC/760/2/2/CSAS,233510371543,Mahima sharma,530.1680766,1,2,Not Applicable,Not Applicable,Not Applicable,Not Applicable,Not Applicable,6396048283,mahimasharma2915@gmail.com
CSAS Round-II,111961/LC/760/2/2/CSAS,233510689767,Shagun Pandey,531.5382601,1,2,Not Applicable,Not Applicable,Not Applicable,Not Applicable,Not Applicable,7068183722,shagunpandey2004@gmail.com
CSAS Round-II,108179/LC/760/2/2/CSAS,233511634348,PRACHI BHAMU,358.4532399,3,2,Not Applicable,Not Applicable,Not Applicable,Not Applicable,Not Applicable,9828740009,rajuchoudhary740009@gmail.com
CSAS Round-II,101731/LC/760/2/2/CSAS,233510332869,Raj nandani,534.3320097,1,2,Not Applicable,Not Applicable,Not Applicable,Not Applicable,Not Applicable,7048957528,nandani024sharma@gmail.com
CSAS Round-II,99348/LC/760/2/2/CSAS,233510581776,FIZA PARWEEN,337.7474229,3,2,Not Applicable,Not Applicable,Not Applicable,Not Applicable,Not Applicable,7827967874,fizaparween677@gmail.com
CSAS Round-I,95584/LC/760/1/1/CSAS,233510312687,Ananya Sharma,557.3648958,1,2,Not Applicable,Not Applicable,Not Applicable,Not Applicable,Not Applicable,7388831303,ananyachhaya21@gmail.com
CSAS Round-I,95198/LC/760/1/1/CSAS,233510476735,Teena singh,345.9740491,4,2,Not Applicable,Not Applicable,Not Applicable,Not Applicable,Not Applicable,8533805776,teena9326@gmail.com
CSAS Round-I,93159/LC/760/1/1/CSAS,233511390442,PRIYA YADAV,365.8736896,3,2,Not Applicable,Not Applicable,Not Applicable,Not Applicable,Not Applicable,7001935371,vikas.yadav812658@gmail.com
CSAS Round-I,92033/LC/760/1/1/CSAS,233510562196,Shivani Pandey,438.5618566,6,2,Not Applicable,Not Applicable,Not Applicable,Not Applicable,Not Applicable,9685706788,shuvanu123@gmail.com
CSAS Round-I,91700/LC/760/1/1/CSAS,233510594005,ANSHIKA SINGH,428.56614,6,2,Not Applicable,Not Applicable,Not Applicable,Priority VI: Wards of Ex-Servicemen,Not Applicable,7000362514,anshikasinghbaghel686@gmail.com
CSAS Round-I,90467/LC/760/1/1/CSAS,233510804820,PRATIKSHA RAGHAV,276.1210006,6,2,Not Applicable,Not Applicable,Not Applicable,Not Applicable,Not Applicable,8630145480,pratiksharaghav90@gmail.com
CSAS Round-I,90425/LC/760/1/1/CSAS,233510091639,AASTHA,538.122138,1,2,Not Applicable,Not Applicable,Not Applicable,Not Applicable,Not Applicable,9719466315,pradeep.chikara34@gmail.com
CSAS Round-I,90205/LC/760/1/1/CSAS,233510630791,Ayushi Kumari,555.104905,1,2,Not Applicable,Not Applicable,Not Applicable,Priority VIII: Wards of Serving Personnel,Not Applicable,9284697581,ayushiayushikumari145@gmail.com
CSAS Round-I,87616/LC/760/1/1/CSAS,233510061287,Shreyanshi Singh,401.8596852,3,2,Not Applicable,Not Applicable,Not Applicable,Not Applicable,Not Applicable,8279760696,shreyanshi941@gmail.com
CSAS Round-I,87030/LC/760/1/1/CSAS,233510561436,divya sharma,556.2910074,1,2,Not Applicable,Not Applicable,Not Applicable,Not Applicable,Not Applicable,7974933029,divya10march2005@gmail.com
CSAS Round-I,86443/LC/760/1/1/CSAS,233510778191,VANSHIKA,458.8644668,4,2,Not Applicable,Not Applicable,Not Applicable,Not Applicable,Not Applicable,9870158584,sumanbai8584@gmail.com
CSAS Round-I,85901/LC/760/1/1/CSAS,233510063220,Siddhi Tyagi,535.5668575,1,2,Not Applicable,Not Applicable,Not Applicable,Not Applicable,Not Applicable,9711068941,Ravityagi005@gmail.com
CSAS Round-I,85412/LC/760/1/1/CSAS,233510428844,Anushri,551.7002886,1,2,Not Applicable,Not Applicable,Not Applicable,Not Applicable,Not Applicable,9800003480,kkmnhpcuri@rediffmail.com
CSAS Round-I,83826/LC/760/1/1/CSAS,233510463769,manorma mahour,262.205081,4,2,Not Applicable,Not Applicable,Not Applicable,Not Applicable,Not Applicable,7415814524,MANORMAMAHOUR28@GMAIL.COM
CSAS Round-I,83741/LC/760/1/1/CSAS,233510336845,Chavi Malyaan,568.4925933,1,2,Not Applicable,Not Applicable,Not Applicable,Not Applicable,Not Applicable,9999378049,chavimalyaan@gmail.com
CSAS Round-I,83362/LC/760/1/1/CSAS,233510232787,Gunjan Jain,535.7532963,1,2,Not Applicable,Not Applicable,Not Applicable,Not Applicable,Not Applicable,7669970360,gunjanjain121299@gmail.com
CSAS Round-I,82544/LC/760/1/1/CSAS,233510951516,Bhavya Satpathi,564.7498503,1,2,Not Applicable,Not Applicable,Not Applicable,Not Applicable,Not Applicable,9755586898,bhavyasatpathi@gmail.com
CSAS Round-I,81709/LC/760/1/1/CSAS,233510294431,APURWA KUMARI,275.9901369,4,2,Not Applicable,Not Applicable,Not Applicable,Not Applicable,Not Applicable,7549540717,apurwachoudhary2@gmail.com
CSAS Round-I,79836/LC/760/1/1/CSAS,233510008590,DEEPANSHI YADAV,365.8309038,3,2,Not Applicable,Not Applicable,Not Applicable,Not Applicable,Not Applicable,7983544925,deepanshiyadav355@gmail.com
CSAS Round-I,79387/LC/760/1/1/CSAS,233510437424,Anukriti Dhama,545.5414209,1,2,Not Applicable,Not Applicable,Not Applicable,Not Applicable,Not Applicable,9412100071,judolovezone@gmail.com
CSAS Round-I,76751/LC/760/1/1/CSAS,233510683276,Ishika Kaushik,540.1125604,1,2,Not Applicable,Not Applicable,Not Applicable,Not Applicable,Not Applicable,7982818702,ishikakaushik611@gmail.com
CSAS Round-I,75167/LC/760/1/1/CSAS,233510564051,KAMYA TANEJA,546.9767666,1,2,Not Applicable,Not Applicable,Not Applicable,Not Applicable,Not Applicable,8527087284,kamyataneja17@gmail.com
CSAS Round-I,73852/LC/760/1/1/CSAS,233510466667,SWETA YADAV,502.9886667,3,2,Not Applicable,Not Applicable,Not Applicable,Not Applicable,Not Applicable,8810998699,swetayadav186516@gmail.com
CSAS Round-I,69486/LC/760/1/1/CSAS,233510632525,Riya Singh,554.7943675,1,2,Not Applicable,Not Applicable,Not Applicable,Not Applicable,Not Applicable,8340609443,riyatenu@gmail.com
CSAS Round-I,65671/LC/760/1/1/CSAS,233510329413,EDZES DOLKAR,477.5815797,5,2,Not Applicable,Not Applicable,Not Applicable,Not Applicable,Not Applicable,8492975926,dolkeredzes@gmail.com
CSAS Round-I,58206/LC/760/1/1/CSAS,233510367735,Bhumika,241.5219049,4,2,Not Applicable,Not Applicable,Not Applicable,Not Applicable,Not Applicable,7532823933,deepika031mandal@gmail.com
CSAS Round-I,57877/LC/760/1/1/CSAS,233510396712,GUNGUN VERMA,362.0483487,3,2,Not Applicable,Not Applicable,Not Applicable,Not Applicable,Not Applicable,9599516846,simranverma2099@gmail.com
CSAS Round-I,53758/LC/760/1/1/CSAS,233510499111,KAVITA,271.7610871,4,2,Not Applicable,Not Applicable,Not Applicable,Not Applicable,Not Applicable,9871307126,jprakashram1970@gmail.com
CSAS Round-I,51341/LC/760/1/1/CSAS,233510371856,SHAGUN GARG,548.7017915,1,2,Not Applicable,Not Applicable,Not Applicable,Not Applicable,Not Applicable,9760621118,shagungarg21jan@gmail.com
CSAS Round-I,49481/LC/760/1/1/CSAS,233510920320,Batul Hasan Shafiq,607.5941833,1,2,Not Applicable,Not Applicable,Not Applicable,Not Applicable,Not Applicable,8007774311,batul.shafiq19@gmail.com
CSAS Round-I,45218/LC/760/1/1/CSAS,233510476173,Sherly,243.5249257,4,2,Not Applicable,Not Applicable,Not Applicable,Not Applicable,Not Applicable,8882953398,ylrehs2367@gmail.com
CSAS Round-I,42912/LC/760/1/1/CSAS,233510830138,Diya Gupta,552.2135444,1,2,Not Applicable,Not Applicable,Not Applicable,Not Applicable,Not Applicable,7009845008,diyagupta8254@gmail.com
CSAS Round-I,42549/LC/760/1/1/CSAS,233510829899,SHELLY,370.7593379,3,2,Not Applicable,Not Applicable,Not Applicable,Not Applicable,Not Applicable,9990629566,shellykamla2005@gmail.com
CSAS Round-I,37725/LC/760/1/1/CSAS,233511223961,NIRAJ YADAV,390.8860573,3,2,Not Applicable,Not Applicable,Not Applicable,Not Applicable,Not Applicable,8303105474,yadavamit8342@gmail.com
CSAS Round-I,36589/LC/760/1/1/CSAS,233511065701,Zoya Khan,541.4202903,1,2,Not Applicable,Not Applicable,Not Applicable,Not Applicable,Not Applicable,8287714577,ziya7582@gmail.com
CSAS Round-I,36498/LC/760/1/1/CSAS,233510168615,Divya Sharma,546.0414947,1,2,Not Applicable,Not Applicable,Not Applicable,Not Applicable,Not Applicable,9354638965,sharmadivya15105@gmail.com
CSAS Round-I,34005/LC/760/1/1/CSAS,233510208558,MUSKAN KUMARI,266.2905153,4,2,Not Applicable,Not Applicable,Not Applicable,Not Applicable,Not Applicable,9693395617,muskankumari953417@gmail.com
CSAS Round-I,32211/LC/760/1/1/CSAS,233510112608,Akshita Pratap,266.4120458,4,2,Not Applicable,Not Applicable,Not Applicable,Not Applicable,Not Applicable,8595612973,akshitapratap2513@gmail.com
CSAS Round-I,29606/LC/760/1/1/CSAS,233510280780,VANDANA YADAV,365.5644293,3,2,Not Applicable,Not Applicable,Not Applicable,Not Applicable,Not Applicable,8290622132,ravinayadav9785@gmail.com
CSAS Round-I,18509/LC/760/1/1/CSAS,233510302121,SUHANI,368.0479513,3,2,Not Applicable,Not Applicable,Not Applicable,Not Applicable,Not Applicable,9123482841,sanjoykumar2769@gmail.com
