round,reference_no,form_no,name,score,category,gender,kashmiri_migrant,pwd_category,minority,cw_quota,ward_quota,mobile,email
CSAS Round-II,137367/LC/734/2/2/CSAS,233510688381,SUHANI KUMARI,251.6362222,3,2,Not Applicable,Not Applicable,Not Applicable,Not Applicable,Not Applicable,7482978876,ksuhani540@gmail.com
CSAS Round-II,112579/LC/734/2/2/CSAS,233510964958,PRIYANSHU KATARIYA,454.5840274,1,2,Not Applicable,Not Applicable,Not Applicable,Not Applicable,Not Applicable,9782181343,subhashchand7480@gmail.com
CSAS Round-I,94339/LC/734/1/1/CSAS,233510095187,PRITI DHIMAN,377.2276422,4,2,Not Applicable,Not Applicable,Not Applicable,Not Applicable,Not Applicable,8580674532,pritidhiman2566@gmail.com
CSAS Round-I,89678/LC/734/1/1/CSAS,233510191044,Richa Sharma,482.4432675,1,2,Not Applicable,Not Applicable,Not Applicable,Not Applicable,Not Applicable,9315689680,richasharma7121@gmail.com
CSAS Round-I,84389/LC/734/1/1/CSAS,233510109383,Meesha Mathur,506.4730263,1,2,Not Applicable,Not Applicable,Not Applicable,Not Applicable,Not Applicable,7838800523,prakriti0903@gmail.com
CSAS Round-I,74404/LC/734/1/1/CSAS,233510873420,KANISHKA TYAGI,461.5111289,1,2,Not Applicable,Not Applicable,Not Applicable,Not Applicable,Not Applicable,6398293615,1222prashantbhardwaj@gmail.com
CSAS Round-I,64436/LC/734/1/1/CSAS,233510652256,Anamika Yadav,467.325822,1,2,Not Applicable,Not Applicable,Not Applicable,Not Applicable,Not Applicable,7828807818,anamikay679@gmail.com
CSAS Round-I,53945/LC/734/1/1/CSAS,233510095086,Anisha kumari,292.0109339,3,2,Not Applicable,Not Applicable,Not Applicable,Not Applicable,Not Applicable,7739583791,kumarianisha23466@gmail.com
CSAS Round-I,49670/LC/734/1/1/CSAS,233510438466,Sakshi dubey,464.6560731,1,2,Not Applicable,Not Applicable,Not Applicable,Not Applicable,Not Applicable,8588830685,sunilomdubey03@gmail.com
CSAS Round-I,48861/LC/734/1/1/CSAS,233510413236,Prerna Bharti,329.7315054,3,2,Not Applicable,Not Applicable,Not Applicable,Not Applicable,Not Applicable,7294958503,prernabharti1225@gmail.com
CSAS Round-I,44855/LC/734/1/1/CSAS,233510324582,ARSHIKA SRIVASTAVA,458.500457,1,2,Not Applicable,Not Applicable,Not Applicable,Not Applicable,Not Applicable,7985433157,srivastavaakash916@gmail.com
CSAS Round-I,34302/LC/734/1/1/CSAS,233510124489,Harshita,294.594369,3,2,Not Applicable,Not Applicable,Not Applicable,Not Applicable,Not Applicable,8003943184,Jangirsarita769@gmail.com
CSAS Round-I,23752/LC/734/1/1/CSAS,233510689441,Kanishka,553.8159628,1,2,Not Applicable,Not Applicable,Not Applicable,Not Applicable,Not Applicable,9310143811,kanishkakiki25@gmail.com
CSAS Round-I,22699/LC/734/1/1/CSAS,233510074392,YUGANSHI PAL,504.7409475,4,2,Not Applicable,Not Applicable,Not Applicable,Not Applicable,Not Applicable,9211844049,bhagatrajguru23@gmail.com
CSAS Round-I,22373/LC/734/1/1/CSAS,233510527188,SHALU,196.7549393,4,2,Not Applicable,Not Applicable,Not Applicable,Not Applicable,Not Applicable,8130437662,tejp1640@gmail.com
CSAS Round-I,17404/LC/734/1/1/CSAS,233510266825,KOMAL,360.541563,3,2,Not Applicable,Not Applicable,Not Applicable,Not Applicable,Not Applicable,7404608216,nagarkomal51329@gmail.com
CSAS Round-I,15017/LC/734/1/1/CSAS,233510751106,EKTA KHATRI,477.9572762,1,2,Not Applicable,Not Applicable,Not Applicable,Not Applicable,Not Applicable,9350334027,ektakhatri812006@gmail.com
