round,reference_no,form_no,name,score,category,gender,kashmiri_migrant,pwd_category,minority,cw_quota,ward_quota,mobile,email
CSAS Round-II,146047/LC/704/2/2/CSAS,233510155820,Mansi,368.9321788,6,2,Not Applicable,Not Applicable,Not Applicable,Not Applicable,Not Applicable,9467149412,mansidhouchak@gmail.com
CSAS Round-II,121548/LC/704/2/2/CSAS,233510553543,Sneha Garg,549.4765493,1,2,Not Applicable,Not Applicable,Not Applicable,Not Applicable,Not Applicable,8595089985,gargsneha725@gmail.com
CSAS Round-II,115510/LC/704/2/2/CSAS,233510683501,Vidhi Gupta,545.3036842,1,2,Not Applicable,Not Applicable,Not Applicable,Not Applicable,Not Applicable,9310432180,vidhigh2o@gmail.com
CSAS Round-II,113228/LC/704/2/2/CSAS,233510176081,Prerna Kumari,388.2224149,3,2,Not Applicable,Not Applicable,Not Applicable,Not Applicable,Not Applicable,6006141369,prernakumari281202@gmail.com
CSAS Round-II,112314/LC/704/2/2/CSAS,233510369347,Divyanshi Sharma,550.8292853,1,2,Not Applicable,Not Applicable,Not Applicable,Not Applicable,Not Applicable,9810482815,divyanshisharma5737@gmail.com
CSAS Round-I,93974/LC/704/1/1/CSAS,233510260862,Anushka,397.4949308,3,2,Not Applicable,Not Applicable,Not Applicable,Not Applicable,Not Applicable,9667763300,anushkabhati6102@gmail.com
CSAS Round-I,90401/LC/704/1/1/CSAS,233510714789,HARSHITA CHAUHAN,557.0058836,1,2,Not Applicable,Not Applicable,Not Applicable,Not Applicable,Not Applicable,8700872284,harshitachauhan8724@gmail.com
CSAS Round-I,82236/LC/704/1/1/CSAS,233510129067,DIA GANDHI,559.3567388,1,2,Not Applicable,Not Applicable,Not Applicable,Not Applicable,Not Applicable,9910467104,rakhidia6@gmail.com
CSAS Round-I,72650/LC/704/1/1/CSAS,233511321696,VRATANTIKA TYAGI,370.9345525,6,2,Not Applicable,Not Applicable,Not Applicable,Not Applicable,Not Applicable,7073535003,tyagivratantika@gmail.com
CSAS Round-I,60265/LC/704/1/1/CSAS,233510273326,ISHITA JAIN,552.955304,1,2,Not Applicable,Not Applicable,Not Applicable,Not Applicable,Not Applicable,9910576443,ISHITAJAIN735@GMAIL.COM
CSAS Round-I,52749/LC/704/1/1/CSAS,233510029294,Munesh,564.6239449,1,2,Not Applicable,Not Applicable,Not Applicable,Not Applicable,Not Applicable,8826407067,2023.clat@gmail.com
CSAS Round-I,51659/LC/704/1/1/CSAS,233511547353,Mansi,402.6673456,3,2,Not Applicable,Not Applicable,Not Applicable,Not Applicable,Not Applicable,9716014347,systemsolutions@live.com
CSAS Round-I,38222/LC/704/1/1/CSAS,233510872723,Riya Choudhary,260.0678945,4,2,Not Applicable,Not Applicable,Not Applicable,Not Applicable,Not Applicable,7217824266,choudharyriya393@gmail.com
CSAS Round-I,28547/LC/704/1/1/CSAS,233510271144,Paridhi Manral,555.1937029,1,2,Not Applicable,Not Applicable,Not Applicable,Not Applicable,Not Applicable,7065681634,manralparidhi@gmail.com
CSAS Round-I,28482/LC/704/1/1/CSAS,233510377107,AKSHADHA KAPIL,560.0796821,1,2,Not Applicable,Not Applicable,Not Applicable,Not Applicable,Not Applicable,9811033185,ak.kapil2000@gmail.com
CSAS Round-I,13111/LC/704/1/1/CSAS,233510032304,nishtha,264.3907553,4,2,Not Applicable,Not Applicable,Not Applicable,Not Applicable,Not Applicable,9466102466,nishthachaudhary.2905@gmail.com
