round,reference_no,form_no,name,score,category,gender,kashmiri_migrant,pwd_category,minority,cw_quota,ward_quota,mobile,email
CSAS Round-II,146795/LC/25/2/2/CSAS,233511659608,Sakshi verma,334.5328113,3,2,Not Applicable,Not Applicable,Not Applicable,Not Applicable,Not Applicable,8853572571,s3994448@gmail.com
CSAS Round-II,142188/LC/25/2/2/CSAS,233510402184,Bhoomika Rathi,559.7328335,1,2,Not Applicable,Not Applicable,Not Applicable,Not Applicable,Not Applicable,9717625800,bhoomikarathi17@gmail.com
CSAS Round-II,130620/LC/25/2/2/CSAS,233510300275,Nikita yadav,342.8747819,3,2,Not Applicable,Not Applicable,Not Applicable,Not Applicable,Not Applicable,8528881196,nikkita.yadav8880@gmail.com
CSAS Round-II,128944/LC/25/2/2/CSAS,233510730677,VARSHA BAISOYA,324.6051429,3,2,Not Applicable,Not Applicable,Not Applicable,Not Applicable,Not Applicable,9999447152,Varshabaisoya89@gmail.com
CSAS Round-II,128691/LC/25/2/2/CSAS,233510191904,NANDANI KUMARI,257.7010458,4,2,Not Applicable,Not Applicable,Not Applicable,Not Applicable,Not Applicable,6204961246,nandushobha4@gmail.com
CSAS Round-II,128420/LC/25/2/2/CSAS,233510228990,KHUSHI AHIRWAR,248.3281559,4,2,Not Applicable,Not Applicable,Not Applicable,Not Applicable,Not Applicable,8368416576,ahirwarkhushi076@gmail.com
CSAS Round-II,125441/LC/25/2/2/CSAS,233510433211,Muskan Kumari,319.4191809,3,2,Not Applicable,Not Applicable,Not Applicable,Not Applicable,Not Applicable,7827910519,muskan.sing2035@gmail.com
CSAS Round-II,113560/LC/25/2/2/CSAS,233510172131,RAJ NANDANI,186.9484038,6,2,Not Applicable,Not Applicable,Not Applicable,Not Applicable,Not Applicable,7541024514,RAJNANDANISHRIVASTAVA024@GMAIL.COM
CSAS Round-II,112610/LC/25/2/2/CSAS,233510343225,VIDUSHI SINGH,338.5467917,3,2,Not Applicable,Not Applicable,Not Applicable,Not Applicable,Not Applicable,7011367423,yvidushi98@gmail.com
CSAS Round-II,111319/LC/25/2/2/CSAS,233510890876,NAVYA YADAV,318.2561558,3,2,Not Applicable,Not Applicable,Not Applicable,Not Applicable,Not Applicable,8057123648,navyayadav2626@gmail.com
CSAS Round-II,110602/LC/25/2/2/CSAS,233510012404,Sanskriti Bansal,562.950602,1,2,Not Applicable,Not Applicable,Not Applicable,Not Applicable,Not Applicable,8920226267,sanskritibansal2381@gmail.com
CSAS Round-I,95540/LC/25/1/1/CSAS,233510513150,VIBHUTI MEHTA,575.2972472,1,2,Not Applicable,Not Applicable,Not Applicable,Not Applicable,Not Applicable,8130552579,vibhutimehta11e@gmail.com
CSAS Round-I,95372/LC/25/1/1/CSAS,233510077823,MEGHA SHARMA,563.9337489,1,2,Not Applicable,Not Applicable,Not Applicable,Not Applicable,Not Applicable,7701865258,meghasharma3775@gmail.com
CSAS Round-I,93896/LC/25/1/1/CSAS,233511523084,Amrita Bachhliya,316.7572932,4,2,Not Applicable,Not Applicable,Not Applicable,Not Applicable,Not Applicable,9111917367,amritabachhliya0691@gmail.com
CSAS Round-I,93795/LC/25/1/1/CSAS,233510714646,Khushboo Pradhan,578.9942682,1,2,Not Applicable,Not Applicable,Not Applicable,Not Applicable,Not Applicable,8742924889,khushboopradhan15@gmail.com
CSAS Round-I,93439/LC/25/1/1/CSAS,233510396843,Arshiya Srivastava,599.0895221,1,2,Not Applicable,Not Applicable,Not Applicable,Not Applicable,Not Applicable,7355515055,arshiyasri.info@gmail.com
CSAS Round-I,92074/LC/25/1/1/CSAS,233510184784,Priyanshu Singh,590.6729226,1,2,Not Applicable,Not Applicable,Not Applicable,Not Applicable,Not Applicable,8319528566,07archanasingh1210@gmail.com
CSAS Round-I,91712/LC/25/1/1/CSAS,233510888921,NISHU NARA,581.2200438,1,2,Not Applicable,Not Applicable,Not Applicable,Priority VI: Wards of Ex-Servicemen,Not Applicable,8950071626,nishunara07@gmail.com
CSAS Round-I,86963/LC/25/1/1/CSAS,233510222121,Jahnavi Daksh,455.1170457,3,2,Not Applicable,Not Applicable,Not Applicable,Not Applicable,Not Applicable,8595789470,jahnavidaksh1@gmail.com
CSAS Round-I,86787/LC/25/1/1/CSAS,233511516285,ANSHIKA DAYAL,263.741501,4,2,Not Applicable,Not Applicable,Not Applicable,Not Applicable,Not Applicable,9911869757,anshika9873dayal@gmail.com
CSAS Round-I,83836/LC/25/1/1/CSAS,233510168546,SNIGDHA PARIHAR,586.6863148,1,2,Not Applicable,Not Applicable,Not Applicable,"Priority IV: Wards of Defence Personnel disabled in service and boarded out with disability attributable
to military service",Not Applicable,8690336184,tanvi261205@gmail.com
CSAS Round-I,77353/LC/25/1/1/CSAS,233510335380,Garvita Gogia,575.6189039,1,2,Not Applicable,Not Applicable,Not Applicable,Not Applicable,Not Applicable,9953426976,garvitagogia20@gmail.com
CSAS Round-I,71868/LC/25/1/1/CSAS,233510068593,Raj Nandani,376.4288967,3,2,Not Applicable,Not Applicable,Not Applicable,Not Applicable,Not Applicable,6296132135,nandani492005@gmail.com
CSAS Round-I,69292/LC/25/1/1/CSAS,233510686223,Nitika Tiwari,220.0751535,6,2,Not Applicable,Not Applicable,Not Applicable,Not Applicable,Not Applicable,7310070173,sedtiwari@gmail.com
CSAS Round-I,66988/LC/25/1/1/CSAS,233510556388,SHIVA,357.66394,3,2,Not Applicable,Not Applicable,Not Applicable,Not Applicable,Not Applicable,7088622907,saraswaticybercafe.skb@gmail.com
CSAS Round-I,65182/LC/25/1/1/CSAS,233510186700,ANUSHTHA GAUTAM,366.0608018,3,2,Not Applicable,Not Applicable,Not Applicable,Not Applicable,Not Applicable,9311527654,anushthagautam205@gmail.com
CSAS Round-I,64979/LC/25/1/1/CSAS,233510111982,Bhawya Gautam,584.0319157,1,2,Not Applicable,Not Applicable,Not Applicable,Not Applicable,Not Applicable,6299471441,bhawyagautam1009@gmail.com
CSAS Round-I,64219/LC/25/1/1/CSAS,233510363682,Zainab zubbair,399.7209975,3,2,Not Applicable,Not Applicable,Not Applicable,Not Applicable,Not Applicable,7428032882,zubbairzainab@gmail.com
CSAS Round-I,59353/LC/25/1/1/CSAS,233511248854,JAGRITI SINGH,322.9261867,4,2,Not Applicable,Not Applicable,Not Applicable,Not Applicable,Not Applicable,8922970241,jagritisingh03710@gmail.com
CSAS Round-I,43348/LC/25/1/1/CSAS,233511750491,Sugandha Mudgal,571.2564087,1,2,Not Applicable,Not Applicable,Not Applicable,Not Applicable,Not Applicable,9911422966,sugandhamudgal02@gmail.com
CSAS Round-I,41746/LC/25/1/1/CSAS,233510743956,ANJALI KUMARI,368.6007971,3,2,Not Applicable,Not Applicable,Not Applicable,Not Applicable,Not Applicable,7017734550,shivbaghal10101@gmail.com
CSAS Round-I,39977/LC/25/1/1/CSAS,233510283451,SONI,342.5773585,4,2,Not Applicable,Not Applicable,Not Applicable,Not Applicable,Not Applicable,9643387277,soni28052004@gmail.com
CSAS Round-I,37682/LC/25/1/1/CSAS,233510916697,MAHI YADAV,389.4080509,3,2,Not Applicable,Not Applicable,Not Applicable,Not Applicable,Not Applicable,9540864087,mahiyadav3733@gmail.com
CSAS Round-I,36883/LC/25/1/1/CSAS,233510021276,Subhechha Mukherjee,580.1373398,1,2,Not Applicable,Not Applicable,Not Applicable,Not Applicable,Not Applicable,7999538492,msubhecchha@gmail.com
CSAS Round-I,36206/LC/25/1/1/CSAS,233510132292,LISHA THAKUR,581.2455206,1,2,Not Applicable,Not Applicable,Not Applicable,Not Applicable,Not Applicable,9891172210,lisha@asia.com
CSAS Round-I,32295/LC/25/1/1/CSAS,233510800035,STUTI,588.7431317,1,2,Not Applicable,Not Applicable,Not Applicable,Not Applicable,Not Applicable,9310542674,sharmastuti20046@gmail.com
CSAS Round-I,31384/LC/25/1/1/CSAS,233510358140,YAMINI BHARDWAJ,562.962565,1,2,Not Applicable,Not Applicable,Not Applicable,Not Applicable,Not Applicable,9811829642,yaminibh01411@gmail.com
CSAS Round-I,29101/LC/25/1/1/CSAS,233510054345,Sanya Goyal,568.2176279,1,2,Not Applicable,Not Applicable,Not Applicable,Not Applicable,Not Applicable,7303906764,12sanyagoyal10c@gmail.com
CSAS Round-I,28898/LC/25/1/1/CSAS,233510092420,SRISHTI,572.5377864,1,2,Not Applicable,Not Applicable,Not Applicable,Not Applicable,Not Applicable,7982623630,srishtilal035@gmail.com
CSAS Round-I,28373/LC/25/1/1/CSAS,233510155471,Muskan Talwar,563.2255565,1,2,Not Applicable,Not Applicable,Not Applicable,Not Applicable,Not Applicable,9818883770,muskan.talwar1111@gmail.com
CSAS Round-I,22928/LC/25/1/1/CSAS,233511221590,Afreen Rizvi,566.8300825,1,2,Not Applicable,Not Applicable,Not Applicable,Not Applicable,Not Applicable,7897962141,afreenrizvi199@gmail.com
CSAS Round-I,19855/LC/25/1/1/CSAS,233510127435,SAKSHI PATHERWAL,320.6711851,4,2,Not Applicable,Not Applicable,Not Applicable,Not Applicable,Not Applicable,7303665683,iamsakshi212004@gmail.com
CSAS Round-I,15846/LC/25/1/1/CSAS,233510657302,Kashish,627.8300031,1,2,Not Applicable,Not Applicable,Not Applicable,Not Applicable,Not Applicable,7988014424,Kashishgarhwal22@gmail.com
CSAS Round-I,12032/LC/25/1/1/CSAS,233511273392,Rojima Moirangthem,316.8885667,4,2,Not Applicable,Not Applicable,Not Applicable,Not Applicable,Not Applicable,9863368163,rojimamoirangthem8@gmail.com
