round,reference_no,form_no,name,score,category,gender,kashmiri_migrant,pwd_category,minority,cw_quota,ward_quota,mobile,email
CSAS Round-II,145772/LC/700/2/2/CSAS,233510377944,Rangoli Gupta,392.6880322,3,2,Not Applicable,Not Applicable,Not Applicable,Not Applicable,Not Applicable,6206156848,rangoli.gupta00@gmail.com
CSAS Round-II,145490/LC/700/2/2/CSAS,233511546151,VANDANA SINGH,358.8952939,3,2,Not Applicable,Not Applicable,Not Applicable,Not Applicable,Not Applicable,7859064218,singhvandanafeb@gmail.com
CSAS Round-II,142941/LC/700/2/2/CSAS,233510131354,Aishwarya Gupta,590.2315781,1,2,Not Applicable,Not Applicable,Not Applicable,Not Applicable,Not Applicable,8766324421,aishwaryagupta056@gmail.com
CSAS Round-II,132426/LC/700/2/2/CSAS,233510758076,TANNU,288.8943698,4,2,Not Applicable,Not Applicable,Not Applicable,Not Applicable,Not Applicable,9818977085,tannuaheriya1707@gmail.com
CSAS Round-II,130813/LC/700/2/2/CSAS,233510233972,JANVI PAL,382.6786031,3,2,Not Applicable,Not Applicable,Not Applicable,Not Applicable,Not Applicable,9310036336,pals82217@gmail.com
CSAS Round-II,112398/LC/700/2/2/CSAS,233510392141,shweta jha,314.8267609,6,2,Not Applicable,Not Applicable,Not Applicable,Not Applicable,Not Applicable,7042373449,mailshweta2004@gmail.com
CSAS Round-II,96802/LC/700/2/2/CSAS,233510300062,Jyoti Prajapati,590.438581,1,2,Not Applicable,Not Applicable,Not Applicable,Not Applicable,Not Applicable,8920391970,prashantv004verma@gmail.com
CSAS Round-I,95646/LC/700/1/1/CSAS,233510868910,TANISHA SHARMA,600.5616093,1,2,Not Applicable,Not Applicable,Not Applicable,Not Applicable,Not Applicable,8527686855,tanishashr123@gmail.com
CSAS Round-I,94022/LC/700/1/1/CSAS,233510500000,Sheetal Jha,362.9914265,6,2,Not Applicable,Not Applicable,Not Applicable,Not Applicable,Not Applicable,9971240327,sheetaljha001@gmail.com
CSAS Round-I,88400/LC/700/1/1/CSAS,233510558226,SUHANA PARVEEN,408.0523401,3,2,Not Applicable,Not Applicable,Not Applicable,Not Applicable,Not Applicable,9336754996,suhanaparveensp321@gmail.com
CSAS Round-I,87728/LC/700/1/1/CSAS,233510563112,SHIVANI MATHUR,333.1794096,4,2,Not Applicable,Not Applicable,Not Applicable,Not Applicable,Not Applicable,9311720544,shivanimathur2209@gmail.com
CSAS Round-I,81733/LC/700/1/1/CSAS,233510044715,Harshita Batta,592.0351219,1,2,Not Applicable,Not Applicable,Not Applicable,Not Applicable,Not Applicable,9643556555,harshitabatta31august@gmail.com
CSAS Round-I,81510/LC/700/1/1/CSAS,233510625880,BHAWNA,302.676157,4,2,Not Applicable,Not Applicable,Not Applicable,Not Applicable,Not Applicable,9911501452,kpappi61@gmail.com
CSAS Round-I,77456/LC/700/1/1/CSAS,233510095647,Divya Dimri,591.9122847,1,2,Not Applicable,Not Applicable,Not Applicable,Priority VIII: Wards of Serving Personnel,Not Applicable,6398642917,divyadimri14@gmail.com
CSAS Round-I,76319/LC/700/1/1/CSAS,233511545441,LAKSHITA DHALIA,290.4579628,4,2,Not Applicable,Not Applicable,Not Applicable,Not Applicable,Not Applicable,7988024159,fashionhub088@gmail.com
CSAS Round-I,75610/LC/700/1/1/CSAS,233510357673,YATI TIWARI,594.3776569,1,2,Not Applicable,Not Applicable,Not Applicable,Not Applicable,Not Applicable,6386860469,subhashinitiwari3009@gmail.com
CSAS Round-I,73209/LC/700/1/1/CSAS,233510472298,ADITI RAJ,606.3456728,1,2,Not Applicable,Not Applicable,Not Applicable,Not Applicable,Not Applicable,9939741555,rajadi2005@gmail.com
CSAS Round-I,71942/LC/700/1/1/CSAS,233510033500,SUHASINI SINGH PARIHAR,604.04416,1,2,Not Applicable,Not Applicable,Not Applicable,Not Applicable,Not Applicable,7722810550,suhasini.sparihar@gmail.com
CSAS Round-I,60698/LC/700/1/1/CSAS,233510883846,Sakshi  Parihar,592.2381049,1,2,Not Applicable,Not Applicable,Not Applicable,Not Applicable,Not Applicable,7505253664,sakshi.parihar2005@gmail.com
CSAS Round-I,51948/LC/700/1/1/CSAS,233510432868,Mitali raj,293.3653483,4,2,Not Applicable,Not Applicable,Not Applicable,Not Applicable,Not Applicable,9582375262,mitalir668@gmail.com
CSAS Round-I,34280/LC/700/1/1/CSAS,233510131637,SHIVAALI BHARDWAJ,599.6130784,1,2,Not Applicable,Not Applicable,Not Applicable,Not Applicable,Not Applicable,9871590459,shivaalibhardwaj@gmail.com
CSAS Round-I,29455/LC/700/1/1/CSAS,233510568617,Sargam,592.170349,1,2,Not Applicable,Not Applicable,Not Applicable,Not Applicable,Not Applicable,9990111566,sargamrajput006@gmail.com
CSAS Round-I,26711/LC/700/1/1/CSAS,233511752323,Radha Goel,590.7862201,1,2,Not Applicable,Not Applicable,Not Applicable,Not Applicable,Not Applicable,9711788857,goelradha.2005@gmail.com
CSAS Round-I,11630/LC/700/1/1/CSAS,233511672852,Ritika Kaur,445.0282962,3,2,Not Applicable,Not Applicable,Not Applicable,Not Applicable,Not Applicable,9953339997,ritzk212@gmail.com
