round,reference_no,form_no,name,score,category,gender,kashmiri_migrant,pwd_category,minority,cw_quota,ward_quota,mobile,email
CSAS Round-II,143755/LC/19/2/2/CSAS,233510196241,KIRAN  PATEL,180.1500785,3,2,Not Applicable,Not Applicable,Not Applicable,Not Applicable,Not Applicable,9142918393,kiranmehta700422@gmail.com
CSAS Round-II,141973/LC/19/2/2/CSAS,233510330836,Nandini Yadav,188.4281964,3,2,Not Applicable,Not Applicable,Not Applicable,Not Applicable,Not Applicable,9335945549,nandiniyadav648@gmail.com
CSAS Round-II,122849/LC/19/2/2/CSAS,233510161747,RUHANI ANJUM,367.6094018,1,2,Not Applicable,Not Applicable,Not Applicable,Not Applicable,Not Applicable,9716191307,ruhanianjum543@gmail.com
CSAS Round-II,118991/LC/19/2/2/CSAS,233511328327,ANUSHA PRAKASH,228.4130624,3,2,Not Applicable,Not Applicable,Not Applicable,Not Applicable,Not Applicable,9204265502,jpcnwd69@gmail.com
CSAS Round-II,112366/LC/19/2/2/CSAS,233510337408,NANDINI,362.481849,3,2,Not Applicable,Not Applicable,Not Applicable,Not Applicable,Not Applicable,9625562608,17preetikumari@gmail.com
CSAS Round-II,106552/LC/19/2/2/CSAS,233510503163,SHILPI KUMARI,364.9538073,1,2,Not Applicable,Not Applicable,Not Applicable,Not Applicable,Not Applicable,9572732433,shilpi04775@gmail.com
CSAS Round-II,101048/LC/19/2/2/CSAS,233510168935,Banshika Sahoo,359.3278678,1,2,Not Applicable,Not Applicable,Not Applicable,Priority VI: Wards of Ex-Servicemen,Not Applicable,9439927934,sahoobibek99@gmail.com
CSAS Round-II,100752/LC/19/2/2/CSAS,233510613528,BINDU PAL,236.906537,3,2,Not Applicable,Not Applicable,Not Applicable,Not Applicable,Not Applicable,9696806374,rahulp9696pal@gmail.com
CSAS Round-II,98572/LC/19/2/2/CSAS,233510306207,Komal,211.9532012,4,2,Not Applicable,Not Applicable,Not Applicable,Not Applicable,Not Applicable,9310393823,Komalrawat857@gmail.com
CSAS Round-I,95834/LC/19/1/1/CSAS,233510709230,AAFREEN,437.0845936,1,2,Not Applicable,Not Applicable,Not Applicable,Not Applicable,Not Applicable,7065491062,aarfaafreen34@gmail.com
CSAS Round-I,95284/LC/19/1/1/CSAS,233510592567,Ritika,420.2672457,1,2,Not Applicable,Not Applicable,Not Applicable,Not Applicable,Not Applicable,8810576774,ritika.93126@gmail.com
CSAS Round-I,82740/LC/19/1/1/CSAS,233510822524,SUSHMITA KUMARI,292.7920424,3,2,Not Applicable,Not Applicable,Not Applicable,Not Applicable,Not Applicable,9350920988,kumarisushmita02496@gmail.com
CSAS Round-I,80096/LC/19/1/1/CSAS,233510035439,Anushka Kumari,444.589956,1,2,Not Applicable,Not Applicable,Not Applicable,Not Applicable,Not Applicable,9546341545,anushkarajput1718@gmail.com
CSAS Round-I,79861/LC/19/1/1/CSAS,233510006388,SIMRAN SHARMA,440.5685791,1,2,Not Applicable,Not Applicable,Not Applicable,Not Applicable,Not Applicable,9899681835,deepanand1016@gmail.com
CSAS Round-I,76518/LC/19/1/1/CSAS,233510253665,MUSKAN KUMARI,363.3120901,3,2,Not Applicable,Not Applicable,Not Applicable,Not Applicable,Not Applicable,7488581771,muskankumari74902@gmail.com
CSAS Round-I,73782/LC/19/1/1/CSAS,233510448581,GUNN NAGPAL,417.0331685,1,2,Not Applicable,Not Applicable,Not Applicable,Not Applicable,Not Applicable,7048944800,gunnnagpal6@gmail.com
CSAS Round-I,66046/LC/19/1/1/CSAS,233510548608,ANUSHIKA,383.6102517,1,2,Not Applicable,Not Applicable,Not Applicable,Not Applicable,Not Applicable,9711715732,anushikachauhan57@gmail.com
CSAS Round-I,65636/LC/19/1/1/CSAS,233510889871,PRAGYA KUMARI YADAV,285.399718,3,2,Not Applicable,Not Applicable,Not Applicable,Not Applicable,Not Applicable,9450507995,mahendray8488@gmail.com
CSAS Round-I,64103/LC/19/1/1/CSAS,233510591879,Shalini,296.1055614,3,2,Not Applicable,Not Applicable,Not Applicable,Not Applicable,Not Applicable,9310512035,us7427405@gmail.com
CSAS Round-I,63874/LC/19/1/1/CSAS,233511183047,DIYA,471.794868,1,2,Not Applicable,Not Applicable,Not Applicable,Not Applicable,Not Applicable,9416526597,maheshjvmgrr@gmail.com
CSAS Round-I,56111/LC/19/1/1/CSAS,233510607176,SHUMALA,314.1940171,3,2,Not Applicable,Not Applicable,Not Applicable,Not Applicable,Not Applicable,9971821162,shumailakv123@gmail.com
CSAS Round-I,51109/LC/19/1/1/CSAS,233510365593,Anjali,302.4441596,3,2,Not Applicable,Not Applicable,Not Applicable,Not Applicable,Not Applicable,9310559414,rinku47229@gmail.com
CSAS Round-I,47840/LC/19/1/1/CSAS,233510746457,JYOTI,441.5527185,1,2,Not Applicable,Not Applicable,Not Applicable,Not Applicable,Not Applicable,7048942490,bangtanboys7lovesarmy@gmail.com
CSAS Round-I,43083/LC/19/1/1/CSAS,233510215987,KAMINI,255.6423157,4,2,Not Applicable,Not Applicable,Not Applicable,Not Applicable,Not Applicable,9910715540,nishi152005@gmail.com
CSAS Round-I,42295/LC/19/1/1/CSAS,233510692234,NAZIYA,385.0575555,1,2,Not Applicable,Not Applicable,Not Applicable,Not Applicable,Not Applicable,9625818318,nazreen22081999@gmail.com
CSAS Round-I,41727/LC/19/1/1/CSAS,233510599091,MUSKAN,383.7187592,1,2,Not Applicable,Not Applicable,Not Applicable,Not Applicable,Not Applicable,9999820786,muskankhan22082005@gmail.com
CSAS Round-I,41413/LC/19/1/1/CSAS,233511373340,Khushi sahu,283.8673968,3,2,Not Applicable,Not Applicable,Not Applicable,Not Applicable,Not Applicable,9582414543,khushisahu880860@gmail.com
CSAS Round-I,40921/LC/19/1/1/CSAS,233510477329,PRACHI RAO,434.5422875,1,2,Not Applicable,Not Applicable,Not Applicable,Not Applicable,Yes,9540261590,prachirao9160@gmail.com
CSAS Round-I,35796/LC/19/1/1/CSAS,233510352998,Shivani,522.3709394,1,2,Not Applicable,Not Applicable,Not Applicable,Not Applicable,Not Applicable,7065240252,somyasingh46258@gmail.com
CSAS Round-I,34680/LC/19/1/1/CSAS,233511052558,SHIVANI YADAV,312.3866854,3,2,Not Applicable,Not Applicable,Not Applicable,Not Applicable,Not Applicable,9718252925,shivaniyadav971825@gmail.com
CSAS Round-I,33136/LC/19/1/1/CSAS,233510540625,KHUSHBOO,250.9726317,3,2,Not Applicable,Not Applicable,Not Applicable,Not Applicable,Not Applicable,8368093433,aroma5674gemail.com@gmail.com
CSAS Round-I,33046/LC/19/1/1/CSAS,233510027497,Naaz,381.2384106,1,2,Not Applicable,Not Applicable,Not Applicable,Not Applicable,Not Applicable,8743060049,Yearali513@gmail.com
CSAS Round-I,32149/LC/19/1/1/CSAS,233510051920,SAVITI,305.2253805,4,2,Not Applicable,Not Applicable,Not Applicable,Not Applicable,Not Applicable,8745016524,savitisaviti437@gmail.com
CSAS Round-I,31433/LC/19/1/1/CSAS,233510320536,Prapti Pant,377.1676793,1,2,Not Applicable,Not Applicable,Not Applicable,Not Applicable,Not Applicable,9910797241,praptipant05@gmail.com
CSAS Round-I,31204/LC/19/1/1/CSAS,233510313117,Anshika,297.0283154,4,2,Not Applicable,Not Applicable,Not Applicable,Not Applicable,Not Applicable,9811579135,anshikakanojiya512@gmail.com
CSAS Round-I,30218/LC/19/1/1/CSAS,233510571374,seema,253.9561557,4,2,Not Applicable,Not Applicable,Not Applicable,Not Applicable,Not Applicable,7065552453,seemaseema1115@gmail.com
CSAS Round-I,26744/LC/19/1/1/CSAS,233510135627,Shreya Yadav,457.1938901,1,2,Not Applicable,Not Applicable,Not Applicable,Not Applicable,Not Applicable,9899680335,santyadav.44@gmail.com
CSAS Round-I,26101/LC/19/1/1/CSAS,233510710041,SANDHYA KUMARI,376.2336961,1,2,Not Applicable,Not Applicable,Not Applicable,Not Applicable,Not Applicable,9643090714,dk528971@gmail.com
CSAS Round-I,22835/LC/19/1/1/CSAS,233511400486,NISHA,299.0226769,4,2,Not Applicable,Not Applicable,Not Applicable,Not Applicable,Not Applicable,8448819649,kiranpaswan002@gmail.com
CSAS Round-I,18745/LC/19/1/1/CSAS,233510288898,Khushi jayant,232.7910919,4,2,Not Applicable,Not Applicable,Not Applicable,Not Applicable,Not Applicable,8882309463,jayantpayal16@gmail.com
CSAS Round-I,18273/LC/19/1/1/CSAS,233510116831,Harshi saini,412.2334137,3,2,Not Applicable,Not Applicable,Not Applicable,Not Applicable,Not Applicable,9310787344,sainiiharshi@gmail.com
CSAS Round-I,14863/LC/19/1/1/CSAS,233510379990,DEEPALI KANOJIA,268.3358908,4,2,Not Applicable,Not Applicable,Not Applicable,Not Applicable,Not Applicable,9540708190,deepalikkanojia@gmail.com
CSAS Round-I,13337/LC/19/1/1/CSAS,233510493893,Panika,379.6942582,3,2,Not Applicable,Not Applicable,Not Applicable,Not Applicable,Not Applicable,9999420876,panika473@gmail.com
CSAS Round-I,12427/LC/19/1/1/CSAS,233510413813,SANIYA KUMARI,417.3049443,1,2,Not Applicable,Not Applicable,Not Applicable,Not Applicable,Not Applicable,9560997746,saniyarai052@gmail.com
