round,reference_no,form_no,name,score,category,gender,kashmiri_migrant,pwd_category,minority,cw_quota,ward_quota,mobile,email
CSAS Round-II,142557/LC/49/2/2/CSAS,233510446796,Tejaswini,318.2379579,1,2,Not Applicable,Not Applicable,Not Applicable,Not Applicable,Not Applicable,9582336952,tejas15004@gmail.com
CSAS Round-II,133717/LC/49/2/2/CSAS,233510378474,Ankita dubey,321.9364587,1,2,Not Applicable,Not Applicable,Not Applicable,Not Applicable,Not Applicable,9679556068,09ankitadubey@gmail.com
CSAS Round-II,123373/LC/49/2/2/CSAS,233510045860,Aniha Kaushik,310.8984037,1,2,Not Applicable,Not Applicable,Not Applicable,Not Applicable,Not Applicable,7982754936,akaushik.0603@gmail.com
CSAS Round-II,121916/LC/49/2/2/CSAS,233510112244,Chetanya verma,167.8195422,3,2,Not Applicable,Not Applicable,Not Applicable,Not Applicable,Not Applicable,9717025277,cv.chetanyaverma@gmail.com
CSAS Round-II,111765/LC/49/2/2/CSAS,233510337747,Jyoti sharma,320.9808988,1,2,Not Applicable,Not Applicable,Not Applicable,Not Applicable,Not Applicable,9319436256,Jsharma33299@gmail.com
CSAS Round-II,111076/LC/49/2/2/CSAS,233511422963,Ayushi Pal,180.3375501,3,2,Not Applicable,Not Applicable,Not Applicable,Not Applicable,Not Applicable,8368508720,bijendrapal1980@gmail.com
CSAS Round-II,107874/LC/49/2/2/CSAS,233510119455,Bharti,187.3778215,3,2,Not Applicable,Not Applicable,Not Applicable,Not Applicable,Not Applicable,8979504370,Prajapatibharti974@gmail.com
CSAS Round-II,107387/LC/49/2/2/CSAS,233510564083,KESHVI GOYAL,311.184689,1,2,Not Applicable,Not Applicable,Not Applicable,Not Applicable,Not Applicable,9306414461,keshvigoyal647@gmail.com
CSAS Round-II,103171/LC/49/2/2/CSAS,233510748570,Shambhavi Tripathi,314.5661787,1,2,Not Applicable,Not Applicable,Not Applicable,Not Applicable,Not Applicable,9811729770,tripathishambhavi1015@gmail.com
CSAS Round-II,99030/LC/49/2/2/CSAS,233510903868,Ritika Verma,166.2947978,3,2,Not Applicable,Not Applicable,Not Applicable,Not Applicable,Not Applicable,8375045083,ritikav859@gmail.com
CSAS Round-I,95067/LC/49/1/1/CSAS,233511404172,SABA B,361.6745616,1,2,Not Applicable,Not Applicable,Not Applicable,Not Applicable,Not Applicable,8802410052,zubairsaifi1998@gmail.com
CSAS Round-I,81696/LC/49/1/1/CSAS,233510757559,Bhumi Sharma,352.1037745,1,2,Not Applicable,Not Applicable,Not Applicable,Not Applicable,Not Applicable,8287127297,sharmabhumi8115@gmail.com
CSAS Round-I,71040/LC/49/1/1/CSAS,233511523243,Upasana bhan,164.3613571,4,2,Not Applicable,Not Applicable,Not Applicable,Not Applicable,Not Applicable,9313057998,kanchanprinter2001@gmail.com
CSAS Round-I,64554/LC/49/1/1/CSAS,233510107736,Sneha Biswas,160.6455714,4,2,Not Applicable,Not Applicable,Not Applicable,Not Applicable,Not Applicable,9311585389,sneha060804@gmail.com
CSAS Round-I,61149/LC/49/1/1/CSAS,233510209531,BHAWNA,204.3509207,4,2,Not Applicable,Not Applicable,Not Applicable,Not Applicable,Not Applicable,8595790763,sibhawna663@gmail.com
CSAS Round-I,56399/LC/49/1/1/CSAS,233510564550,Jaanvi,149.2589938,4,2,Not Applicable,Not Applicable,Not Applicable,Not Applicable,Not Applicable,8384012574,arvind.957@rediffmail.com
CSAS Round-I,53304/LC/49/1/1/CSAS,233511170150,Zoha Qureshi,229.6756424,3,2,Not Applicable,Not Applicable,Not Applicable,Not Applicable,Not Applicable,8287186865,Iqraq40@gmail.com
CSAS Round-I,35241/LC/49/1/1/CSAS,233510701026,Murshidah Ahmed,488.8059666,1,2,Not Applicable,Not Applicable,Not Applicable,Not Applicable,Not Applicable,8076470949,murshidah49@gmail.com
CSAS Round-I,34063/LC/49/1/1/CSAS,233510184051,Sukriti Dara,387.7928201,1,2,Not Applicable,Not Applicable,Not Applicable,Not Applicable,Not Applicable,8448401314,darasukriti.22@gmail.com
CSAS Round-I,28824/LC/49/1/1/CSAS,233510020569,BHOOMI VERMA,334.0830768,1,2,Not Applicable,Not Applicable,Not Applicable,Not Applicable,Not Applicable,9999147020,ralkaverma306@gmail.com
CSAS Round-I,23291/LC/49/1/1/CSAS,233510957005,ALIYA HASSAN,238.7074597,3,2,Not Applicable,Not Applicable,Not Applicable,Not Applicable,Not Applicable,7994722094,aliyahassan123456@gmail.com
CSAS Round-I,13083/LC/49/1/1/CSAS,233510249193,Yukta,164.1477927,4,2,Not Applicable,Not Applicable,Not Applicable,Not Applicable,Not Applicable,8368733760,yuktakumari13@gmail.com
