round,reference_no,form_no,name,score,category,gender,kashmiri_migrant,pwd_category,minority,cw_quota,ward_quota,mobile,email
CSAS Round-II,147119/LC/31/2/2/CSAS,233510498562,SAKSHI KUMARI,273.4270197,6,2,Not Applicable,Not Applicable,Not Applicable,Not Applicable,Not Applicable,9939572060,varshakumari56854@gmail.com
CSAS Round-II,145463/LC/31/2/2/CSAS,233510064292,Jaya Kumari,417.9282898,3,2,Not Applicable,Not Applicable,Not Applicable,Not Applicable,Not Applicable,8804438033,jaya17092004@gmail.com
CSAS Round-II,138929/LC/31/2/2/CSAS,233510520577,SHRIYA KUMARI,589.510464,6,2,Not Applicable,Not Applicable,Not Applicable,Not Applicable,Not Applicable,9910384137,jhapavan27@gmail.com
CSAS Round-II,130213/LC/31/2/2/CSAS,233510213556,Gyanshi Kumari,395.52195,3,2,Not Applicable,Not Applicable,Not Applicable,Not Applicable,Not Applicable,7217816775,gyanshi092005@gmail.com
CSAS Round-II,129378/LC/31/2/2/CSAS,233510624281,Shanghvi Dwivedi,596.9856986,1,2,Not Applicable,Not Applicable,Not Applicable,Not Applicable,Not Applicable,8853135064,shanghvidwivedi@gmail.com
CSAS Round-II,126069/LC/31/2/2/CSAS,233510107193,PALAK MUNJAL,595.2351239,1,2,Not Applicable,Not Applicable,Not Applicable,Not Applicable,Not Applicable,9873670775,palakmunjal538@gmail.com
CSAS Round-II,119102/LC/31/2/2/CSAS,233510281543,TRISHNA DAS,405.3552858,3,2,Not Applicable,Not Applicable,Not Applicable,Not Applicable,Not Applicable,6003952351,trishnadas2005@icloud.com
CSAS Round-II,118218/LC/31/2/2/CSAS,233510832521,PUSHPA RAI,426.616146,3,2,Not Applicable,Not Applicable,Not Applicable,Not Applicable,Not Applicable,9318359660,puspharai9660@gmail.com
CSAS Round-II,117800/LC/31/2/2/CSAS,233510430886,AVNEET KAUR,597.8170409,1,2,Not Applicable,Not Applicable,Sikh Minority,Not Applicable,Not Applicable,8448459750,avneetkaur10065@gmail.com
CSAS Round-II,105912/LC/31/2/2/CSAS,233511024237,ANJALI DIXIT,243.0146486,6,2,Not Applicable,Not Applicable,Not Applicable,Not Applicable,Not Applicable,9794559039,riyadixit2255@gmail.com
CSAS Round-II,104225/LC/31/2/2/CSAS,233510023545,EKAMPREET TUTEJA,592.5720847,1,2,Not Applicable,Not Applicable,Not Applicable,Not Applicable,Not Applicable,9958111476,hashmeet808@gmail.com
CSAS Round-II,101692/LC/31/2/2/CSAS,233510231862,ANSHIKA SHUKLA,222.8233355,6,2,Not Applicable,Not Applicable,Not Applicable,Not Applicable,Not Applicable,7790871709,SATENDERSHUKLA@GMAIL.COM
CSAS Round-II,100790/LC/31/2/2/CSAS,233510698565,Huidrom Shweata Devi,416.51982,3,2,Not Applicable,Not Applicable,Not Applicable,Not Applicable,Not Applicable,9233028390,huidromshweata@gmail.com
CSAS Round-II,100392/LC/31/2/2/CSAS,233510065393,Prapti Ganguly,590.3131567,1,2,Not Applicable,Not Applicable,Not Applicable,Not Applicable,Not Applicable,9711310941,prapti.ganguly@gmail.com
CSAS Round-II,95856/LC/31/2/2/CSAS,233510090031,ARUJA SHARMA,599.1596346,1,2,Not Applicable,Not Applicable,Not Applicable,Not Applicable,Not Applicable,9310674894,sharmaaruja11@gmail.com
CSAS Round-I,95607/LC/31/1/1/CSAS,233510946388,Unnati,619.5502444,1,2,Not Applicable,Not Applicable,Not Applicable,Not Applicable,Not Applicable,9199916400,iunnatisingh2204@gmail.com
CSAS Round-I,94787/LC/31/1/1/CSAS,233510020314,AYUSHMA DEORI,358.7821133,5,2,Not Applicable,Not Applicable,Not Applicable,Not Applicable,Not Applicable,7099622468,ayushmadeori@gmail.com
CSAS Round-I,90313/LC/31/1/1/CSAS,233510466716,Nidhi Verma,424.1098366,4,2,Not Applicable,Not Applicable,Not Applicable,Not Applicable,Not Applicable,8765823601,Officialnidhi1909@gmail.com
CSAS Round-I,87176/LC/31/1/1/CSAS,233510123437,Divya Chhabra,635.8862264,1,2,Not Applicable,Not Applicable,Not Applicable,Not Applicable,Not Applicable,8307903503,divyachhabra830@gmail.com
CSAS Round-I,86038/LC/31/1/1/CSAS,233510277990,BABY  KUMARI,447.3678081,3,2,Not Applicable,Not Applicable,Not Applicable,Not Applicable,Not Applicable,7065721218,MALADEVI011982@GMAIL.COM
CSAS Round-I,84443/LC/31/1/1/CSAS,233510494443,Mansi,423.8667075,4,2,Not Applicable,Not Applicable,Not Applicable,Not Applicable,Not Applicable,8595802101,mansi989906215@gmail.com
CSAS Round-I,81782/LC/31/1/1/CSAS,233510702183,Aamna Sadiqa,445.7232813,3,2,Not Applicable,Not Applicable,Not Applicable,Not Applicable,Not Applicable,9315312220,aamnasadiqa375@gmail.com
CSAS Round-I,80359/LC/31/1/1/CSAS,233510388273,KAJAL,361.4838412,4,2,Not Applicable,Not Applicable,Not Applicable,Not Applicable,Not Applicable,8448453620,gautaminderjeet335@gmail.com
CSAS Round-I,79583/LC/31/1/1/CSAS,233510210790,Harneet Kaur,621.5647595,1,2,Not Applicable,Not Applicable,Not Applicable,Not Applicable,Not Applicable,7991855702,hargurkhaia128@gmail.com
CSAS Round-I,76404/LC/31/1/1/CSAS,233510606635,SANJANA SUMAN,419.5734625,4,2,Not Applicable,Not Applicable,Not Applicable,Not Applicable,Not Applicable,7726819887,sanjanasuman587@gmail.com
CSAS Round-I,74870/LC/31/1/1/CSAS,233510062864,Ananya Mathur,461.6354824,3,2,Not Applicable,Not Applicable,Not Applicable,Not Applicable,Not Applicable,9643252176,ananyamathur121@gmail.com
CSAS Round-I,72229/LC/31/1/1/CSAS,233511126223,Bhoomi Yadav,601.8252242,1,2,Not Applicable,Not Applicable,Not Applicable,Not Applicable,Not Applicable,9871634009,bhoomiyadav121@gmail.com
CSAS Round-I,71901/LC/31/1/1/CSAS,233510458444,BHAWNA JAYANT,372.0074363,4,2,Not Applicable,Not Applicable,Not Applicable,Not Applicable,Not Applicable,7840022301,npjayant@gmail.com
CSAS Round-I,71372/LC/31/1/1/CSAS,233510032070,Yeshi Lhamu,160.9338902,5,2,Not Applicable,Not Applicable,Not Applicable,Not Applicable,Not Applicable,7628025290,Ylhamu43@gmail.com
CSAS Round-I,69691/LC/31/1/1/CSAS,233510482310,AKANSHA YADAV,502.7758026,3,2,Not Applicable,Not Applicable,Not Applicable,Not Applicable,Not Applicable,7084614319,manoj7309645549@gmail.com
CSAS Round-I,68179/LC/31/1/1/CSAS,233510555143,Vandana,610.9299208,1,2,Not Applicable,Not Applicable,Not Applicable,Not Applicable,Not Applicable,8689009513,Vandanadeshwal111000@gmail.com
CSAS Round-I,67104/LC/31/1/1/CSAS,233510541337,AKSHARA JAYAN,419.4552634,4,2,Not Applicable,Not Applicable,Not Applicable,Not Applicable,Not Applicable,7025000455,aksharajayan44@gmail.com
CSAS Round-I,66341/LC/31/1/1/CSAS,233510124321,SAYANIKA BORA,498.9611323,3,2,Not Applicable,Not Applicable,Not Applicable,Not Applicable,Not Applicable,9678411434,sayanikab50@gmail.com
CSAS Round-I,62398/LC/31/1/1/CSAS,233510015822,Kuhoo chandrol,454.0752935,3,2,Not Applicable,Not Applicable,Not Applicable,Not Applicable,Not Applicable,8827750451,kuhoochandrol19@gmail.com
CSAS Round-I,58672/LC/31/1/1/CSAS,233510073293,KARISHMA S RAJ,618.7237711,1,2,Not Applicable,Not Applicable,Not Applicable,Not Applicable,Not Applicable,9447334581,rajkpmurali8@gmail.com
CSAS Round-I,56905/LC/31/1/1/CSAS,233510211652,RANI KUMARI,430.4193761,4,2,Not Applicable,Not Applicable,Not Applicable,Not Applicable,Not Applicable,8130527419,bharatkumarrajak666@gmail.com
CSAS Round-I,55628/LC/31/1/1/CSAS,233510760366,Sarah Rajgaur,675.0362382,1,2,Not Applicable,Not Applicable,Not Applicable,Not Applicable,Not Applicable,8091222089,sarahrajgaur003@gmail.com
CSAS Round-I,54643/LC/31/1/1/CSAS,233510512908,NEETU,349.7129892,4,2,Not Applicable,Not Applicable,Not Applicable,Not Applicable,Not Applicable,9310428568,rohitkumar2002iitp@gmail.com
CSAS Round-I,54611/LC/31/1/1/CSAS,233510416441,AVINA KONJENGBAM,684.2638053,1,2,Not Applicable,Not Applicable,Not Applicable,Not Applicable,Not Applicable,9863477790,avinakonjengbam@gmail.com
CSAS Round-I,53985/LC/31/1/1/CSAS,233510124333,Nikita Singha,495.7169817,3,2,Not Applicable,Not Applicable,Not Applicable,Not Applicable,Not Applicable,7099672252,nikitasingha935@gmail.com
CSAS Round-I,53461/LC/31/1/1/CSAS,233510471990,SHREYA MISHRA,629.5979074,1,2,Not Applicable,Not Applicable,Not Applicable,Not Applicable,Not Applicable,9415365954,kkmishraadvalld@gmail.com
CSAS Round-I,49512/LC/31/1/1/CSAS,233510405969,DISHA BAGGA,609.3670586,1,2,Not Applicable,Not Applicable,Not Applicable,Not Applicable,Not Applicable,8860700094,dishabagga@gmail.com
CSAS Round-I,47847/LC/31/1/1/CSAS,233510349053,SUSHREE SITAL BANCHHOR,452.3318195,3,2,Not Applicable,Not Applicable,Not Applicable,Not Applicable,Not Applicable,9692645648,banchhorsital@gmail.com
CSAS Round-I,46651/LC/31/1/1/CSAS,233510671737,Ayushi Krishna,364.4155916,6,2,Not Applicable,Not Applicable,Not Applicable,Not Applicable,Not Applicable,9852460230,anupa0907@gmail.com
CSAS Round-I,38459/LC/31/1/1/CSAS,233510539774,SUKRITI KRIPAL GAUTAM,416.9437216,4,2,Not Applicable,Not Applicable,Not Applicable,Not Applicable,Not Applicable,7895381522,gautamsukriti.mrt@gmail.com
CSAS Round-I,30996/LC/31/1/1/CSAS,233510639091,Khangembam Lakshmibai Devi,439.0095457,3,2,Not Applicable,Not Applicable,Not Applicable,Not Applicable,Not Applicable,8119066545,khangembamlakshmibai@gmail.com
CSAS Round-I,29988/LC/31/1/1/CSAS,233510842790,VAISHNAVI,556.3079969,3,2,Not Applicable,Not Applicable,Not Applicable,Not Applicable,Not Applicable,8569968425,vaishnaviyadav2409@gmail.com
CSAS Round-I,29523/LC/31/1/1/CSAS,233510218255,KOMAL,615.5766754,1,2,Not Applicable,Not Applicable,Not Applicable,Priority VI: Wards of Ex-Servicemen,Not Applicable,8178937879,chhikaram82@gmail.com
CSAS Round-I,25009/LC/31/1/1/CSAS,233510806269,DIPIKA KUMARI,604.2942627,1,2,Not Applicable,Not Applicable,Not Applicable,Not Applicable,Not Applicable,9871055410,onlydipika06@gmail.com
CSAS Round-I,24744/LC/31/1/1/CSAS,233510110824,Harshita Pandey,298.2896739,6,2,Not Applicable,Not Applicable,Not Applicable,Not Applicable,Not Applicable,7007594139,sudhanshu170998@gmail.com
CSAS Round-I,23088/LC/31/1/1/CSAS,233510428280,Adhithya D D,392.6076519,4,2,Not Applicable,Not Applicable,Not Applicable,Not Applicable,Not Applicable,8086208648,ddadhithya@gmail.com
CSAS Round-I,13582/LC/31/1/1/CSAS,233510143265,ISHIKA MISHRA,617.2256945,1,2,Not Applicable,Not Applicable,Not Applicable,Not Applicable,Not Applicable,9678461514,eeshika246@gmail.com
CSAS Round-I,10700/LC/31/1/1/CSAS,233510280562,AKSHAYA SREEKUMAR,629.9288868,1,2,Not Applicable,Not Applicable,Not Applicable,Not Applicable,Not Applicable,9539489256,akshaya.sreekumar14@gmail.com
CSAS Round-I,10455/LC/31/1/1/CSAS,233510328186,Medha Yadav,621.5115994,1,2,Not Applicable,Not Applicable,Not Applicable,Not Applicable,Not Applicable,9958069670,messageforharish@gmail.com
