round,reference_no,form_no,name,score,category,gender,kashmiri_migrant,pwd_category,minority,cw_quota,ward_quota,mobile,email
CSAS Round-II,143830/LC/738/2/2/CSAS,233510061128,Kanishka pokhriyal,569.2125275,1,2,Not Applicable,Not Applicable,Not Applicable,Not Applicable,Not Applicable,8287800520,Kanishkapokhriyal48@gmail.com
CSAS Round-II,137329/LC/738/2/2/CSAS,233510184690,Rachna Singh,423.0469134,3,2,Not Applicable,Not Applicable,Not Applicable,Not Applicable,Not Applicable,8269916652,singhanjali72002@gmail.com
CSAS Round-II,131307/LC/738/2/2/CSAS,233510030269,Sonam Kumari,413.5036409,3,2,Not Applicable,Not Applicable,Not Applicable,Not Applicable,Not Applicable,8084696797,kuaprrsonam@gmail.com
CSAS Round-II,130717/LC/738/2/2/CSAS,233510333663,SHREYA MARUYA,405.131449,3,2,Not Applicable,Not Applicable,Not Applicable,Not Applicable,Not Applicable,9335728506,mauryamuskan009@gmail.com
CSAS Round-II,127929/LC/738/2/2/CSAS,233510352674,JYOTI,441.1576081,3,2,Not Applicable,7. Blindness,Not Applicable,Not Applicable,Not Applicable,9355266181,jsen57660@gmail.com
CSAS Round-II,124251/LC/738/2/2/CSAS,233510635762,KOMAL SAHANI,415.6127463,3,2,Not Applicable,Not Applicable,Not Applicable,Not Applicable,Not Applicable,8005153400,sahanikomal695@gmail.com
CSAS Round-II,121521/LC/738/2/2/CSAS,233510416528,LAKSHMI TIWARI,234.0821502,6,2,Not Applicable,Not Applicable,Not Applicable,Not Applicable,Not Applicable,7509142412,tiwarilakshmi2005@gmail.com
CSAS Round-II,115103/LC/738/2/2/CSAS,233510531358,SHAGUN,569.5326344,1,2,Not Applicable,Not Applicable,Not Applicable,Not Applicable,Not Applicable,9690052231,manishbaliyan2003@gmail.com
CSAS Round-II,105035/LC/738/2/2/CSAS,233510129188,ANJALI YADAV,434.4776985,3,2,Not Applicable,Not Applicable,Not Applicable,Not Applicable,Not Applicable,9650858813,yadavanjali9650@gmail.com
CSAS Round-I,91111/LC/738/1/1/CSAS,233510060618,SHANKARI PANDEY,647.2984105,1,2,Not Applicable,Not Applicable,Not Applicable,Not Applicable,Not Applicable,7088000163,ramchandrapandey5@rediffmail.com
CSAS Round-I,90244/LC/738/1/1/CSAS,233511602926,SADHANA KANWAR,584.9312455,1,2,Not Applicable,Not Applicable,Not Applicable,Not Applicable,Not Applicable,7976036881,pawanrajpurohitdadrewa@gmail.com
CSAS Round-I,86466/LC/738/1/1/CSAS,233510505101,PRIYANSHI VERMA,393.0106463,4,2,Not Applicable,Not Applicable,Not Applicable,Not Applicable,Not Applicable,8700130986,Shubhamverma56470@gmail.com
CSAS Round-I,84127/LC/738/1/1/CSAS,233510332081,PALAK,574.7262176,1,2,Not Applicable,Not Applicable,Not Applicable,Not Applicable,Not Applicable,8850771861,palakdagur7@gmail.com
CSAS Round-I,83891/LC/738/1/1/CSAS,233510642142,SHREEN PAL,446.5890168,3,2,Not Applicable,Not Applicable,Not Applicable,Not Applicable,Not Applicable,9717326303,up0000000072@gmail.com
CSAS Round-I,83584/LC/738/1/1/CSAS,233511205233,MEENAL,370.8864428,4,2,Not Applicable,Not Applicable,Not Applicable,Not Applicable,Not Applicable,8595644833,rashmijaint2003@gmail.com
CSAS Round-I,81558/LC/738/1/1/CSAS,233510550132,Harshita,603.3899187,1,2,Not Applicable,Not Applicable,Not Applicable,Not Applicable,Not Applicable,8882608276,harshitanayak007@gmail.com
CSAS Round-I,81132/LC/738/1/1/CSAS,233510217180,Udita Devi Palungbam,574.4939344,1,2,Not Applicable,Not Applicable,Not Applicable,Not Applicable,Not Applicable,7987475805,devi79413@gmail.com
CSAS Round-I,78866/LC/738/1/1/CSAS,233510450869,HOORAIN JAHAN,576.8032,1,2,Not Applicable,Not Applicable,Not Applicable,Not Applicable,Not Applicable,7633052787,wajhoor@rediffmail.com
CSAS Round-I,78530/LC/738/1/1/CSAS,233510919453,Vrinda Maheshwari,329.5996402,6,2,Not Applicable,Not Applicable,Not Applicable,Not Applicable,Not Applicable,8840431486,vrindam1305@gmail.com
CSAS Round-I,77991/LC/738/1/1/CSAS,233510081300,Navya Pathak,639.4623585,1,2,Not Applicable,Not Applicable,Not Applicable,Not Applicable,Not Applicable,7982604225,pathaknavya13@gmail.com
CSAS Round-I,77396/LC/738/1/1/CSAS,233510234899,DIVYA BAGRI,471.6274647,4,2,Not Applicable,Not Applicable,Not Applicable,Not Applicable,Not Applicable,7217866233,buntybagri95@gmail.com
CSAS Round-I,77173/LC/738/1/1/CSAS,233510055936,Anshul,581.4713043,1,2,Not Applicable,Not Applicable,Not Applicable,Not Applicable,Not Applicable,9729423744,anshulbansal2023@gmail.com
CSAS Round-I,77044/LC/738/1/1/CSAS,233510298693,Anshika Sharma,601.4985298,1,2,Not Applicable,Not Applicable,Not Applicable,Not Applicable,Not Applicable,8299806665,anshirishu2005@gmail.com
CSAS Round-I,76154/LC/738/1/1/CSAS,233510259400,BHUMIKA,446.8088645,3,2,Not Applicable,Not Applicable,Not Applicable,Not Applicable,Not Applicable,8077644054,bhumi122003@gmail.com
CSAS Round-I,76032/LC/738/1/1/CSAS,233510816254,MANUSHREE BURDAK,496.9948787,3,2,Not Applicable,Not Applicable,Not Applicable,Not Applicable,Not Applicable,9587496004,PREMBURDAK283@GMAIL.COM
CSAS Round-I,74090/LC/738/1/1/CSAS,233510266893,GARIMA SEHRAWAT,587.6296079,1,2,Not Applicable,Not Applicable,Not Applicable,Not Applicable,Not Applicable,9560965465,garimasehrawat2006@gmail.com
CSAS Round-I,72946/LC/738/1/1/CSAS,233510099863,Shambhavi Tripathi,584.1983516,1,2,Not Applicable,Not Applicable,Not Applicable,Not Applicable,Not Applicable,7905562979,shambhavitripathi19@gmail.com
CSAS Round-I,70811/LC/738/1/1/CSAS,233510565898,Trisha Mishra,571.3166866,1,2,Not Applicable,Not Applicable,Not Applicable,Not Applicable,Not Applicable,9406711671,trishamishra42@gmail.com
CSAS Round-I,68955/LC/738/1/1/CSAS,233510173266,KOMAL GUPTA,322.1444068,6,2,Not Applicable,Not Applicable,Not Applicable,Not Applicable,Not Applicable,7906429425,kusumg295@gmail.com
CSAS Round-I,68601/LC/738/1/1/CSAS,233510557490,SHANIYA,450.789616,3,2,Not Applicable,Not Applicable,Not Applicable,Not Applicable,Not Applicable,9310577674,saniyyasayyed@gmail.com
CSAS Round-I,66242/LC/738/1/1/CSAS,233510595820,SWATI SAROJ,389.7609157,4,2,Not Applicable,Not Applicable,Not Applicable,Not Applicable,Not Applicable,7525909009,swatisaroj182007@gmail.com
CSAS Round-I,64409/LC/738/1/1/CSAS,233511031425,TANISHKA NAYAKA,302.4600145,5,2,Not Applicable,Not Applicable,Not Applicable,Not Applicable,Not Applicable,8287533261,nayakatanishka@gmail.com
CSAS Round-I,63644/LC/738/1/1/CSAS,233510469722,YASHIKA MUDGAL,632.1366731,1,2,Not Applicable,Not Applicable,Not Applicable,Not Applicable,Not Applicable,8860480967,yashikamudgal525@gmail.com
CSAS Round-I,62558/LC/738/1/1/CSAS,233510073818,PRATHNA,402.4469651,4,2,Not Applicable,Not Applicable,Not Applicable,Not Applicable,Not Applicable,9818189366,sandeep.rajpihal@gmail.com
CSAS Round-I,62415/LC/738/1/1/CSAS,233510367864,PALAK,574.0278989,1,2,Not Applicable,Not Applicable,Not Applicable,Not Applicable,Not Applicable,9416292555,palakkamboj187@gmail.com
CSAS Round-I,61933/LC/738/1/1/CSAS,233510014323,PRAGATI SINGH,306.9607418,6,2,Not Applicable,Not Applicable,Not Applicable,Not Applicable,Not Applicable,7860874918,shailendrakumars586@gmail.com
CSAS Round-I,59552/LC/738/1/1/CSAS,233510255402,NANG SANGHAMITRA KOKMA,161.7826606,5,2,Not Applicable,Not Applicable,Not Applicable,Not Applicable,Not Applicable,7627948904,sanghamitrakokma@gmail.com
CSAS Round-I,59238/LC/738/1/1/CSAS,233510262402,AKSHITA KUSHWAHA,441.2199732,3,2,Not Applicable,Not Applicable,Not Applicable,Not Applicable,Not Applicable,9759274224,akshitakushwaha2005@gmail.com
CSAS Round-I,56634/LC/738/1/1/CSAS,233510830343,NIDHI SINGH,439.0778222,6,2,Not Applicable,Not Applicable,Not Applicable,Not Applicable,Not Applicable,8873493943,NITISHKMR95@GMAIL.COM
CSAS Round-I,55065/LC/738/1/1/CSAS,233510511759,Purvi,389.5481062,4,2,Not Applicable,Not Applicable,Not Applicable,Not Applicable,Not Applicable,8585996777,purvikanojia1@gmail.com
CSAS Round-I,47736/LC/738/1/1/CSAS,233510602216,MUSKAN SINGAL,422.2882789,4,2,Not Applicable,Not Applicable,Not Applicable,Not Applicable,Not Applicable,8595827914,jatinsinghal123456@gmail.com
CSAS Round-I,47520/LC/738/1/1/CSAS,233510216942,SHRUTI JOSHI,590.4206259,1,2,Not Applicable,Not Applicable,Not Applicable,Not Applicable,Not Applicable,9910256102,joshi1730@yahoo.com
CSAS Round-I,46367/LC/738/1/1/CSAS,233510286098,Varalika Lavania,580.7412268,1,2,Not Applicable,Not Applicable,Not Applicable,Not Applicable,Not Applicable,9415303097,varalikalavania@gmail.com
CSAS Round-I,46198/LC/738/1/1/CSAS,233510121921,TANISHKA,388.328832,4,2,Not Applicable,Not Applicable,Not Applicable,Not Applicable,Not Applicable,9211576571,tanishkarai28@gmail.com
CSAS Round-I,43452/LC/738/1/1/CSAS,233510315583,SONIYA,662.2550059,1,2,Not Applicable,Not Applicable,Not Applicable,Priority VI: Wards of Ex-Servicemen,Not Applicable,8168132422,kaswanamarnath@gmail.com
CSAS Round-I,42392/LC/738/1/1/CSAS,233510945300,CHAHAT VIJAYVARGIYA,418.9741932,6,2,Not Applicable,Not Applicable,Not Applicable,Not Applicable,Not Applicable,8875038989,vijayvargiyachahat@gmail.com
CSAS Round-I,42316/LC/738/1/1/CSAS,233510344758,Aaradhya Chaudhary,599.0282546,1,2,Not Applicable,Not Applicable,Not Applicable,Not Applicable,Not Applicable,9311166036,aaradhyachaudhary08@gmail.com
CSAS Round-I,39038/LC/738/1/1/CSAS,233510174231,Gauri Chauhan,570.6556963,1,2,Not Applicable,Not Applicable,Not Applicable,Not Applicable,Not Applicable,7303340406,chauhangauri1002@gmail.com
CSAS Round-I,35745/LC/738/1/1/CSAS,233510010870,Kalpana Devi,455.1893452,3,2,Not Applicable,Not Applicable,Not Applicable,Not Applicable,Not Applicable,8400921062,arunpatel9452@gmail.com
CSAS Round-I,34488/LC/738/1/1/CSAS,233510405165,Taniya,364.5319984,4,2,Not Applicable,Not Applicable,Not Applicable,Not Applicable,Not Applicable,8383920949,taniya102331@gmail.com
CSAS Round-I,34387/LC/738/1/1/CSAS,233510352738,ANNU GUPTA,508.7712474,3,2,Not Applicable,Not Applicable,Not Applicable,Not Applicable,Not Applicable,9268766476,30.xb.annu@gmail.com
CSAS Round-I,33998/LC/738/1/1/CSAS,233511160497,KIRAN,437.7533001,4,2,Not Applicable,Not Applicable,Not Applicable,Not Applicable,Not Applicable,9213751305,kiranlodwal5@gmail.com
CSAS Round-I,33722/LC/738/1/1/CSAS,233510611464,NANDINI GUPTA,489.1,3,2,Not Applicable,Not Applicable,Not Applicable,Not Applicable,Not Applicable,9795290772,harshftp7@gmail.com
CSAS Round-I,33602/LC/738/1/1/CSAS,233510689823,MUSKAN,486.6096233,3,2,Not Applicable,Not Applicable,Not Applicable,Not Applicable,Not Applicable,9414513327,advumedmothsara@gmail.com
CSAS Round-I,33088/LC/738/1/1/CSAS,233510178958,Megha Kadera,380.5747502,4,2,Not Applicable,Not Applicable,Not Applicable,Not Applicable,Not Applicable,8860300239,mukeshkumar.mk69@gmail.com
CSAS Round-I,32393/LC/738/1/1/CSAS,233510909526,Mehar Kalra,706.1459319,1,2,Not Applicable,Not Applicable,Not Applicable,Not Applicable,Not Applicable,9910445120,bikrampsk@yahoo.co.in
CSAS Round-I,28416/LC/738/1/1/CSAS,233510288756,Madhu kumari,406.8863263,4,2,Not Applicable,Not Applicable,Not Applicable,Not Applicable,Not Applicable,9771202955,kumarimadhugaya2005@gmail.com
CSAS Round-I,27463/LC/738/1/1/CSAS,233510249857,SHIVANI TYAGI,480.38503,1,2,Not Applicable,7. Blindness,Not Applicable,Not Applicable,Not Applicable,7024572805,tyagishivani522@gmail.com
CSAS Round-I,26372/LC/738/1/1/CSAS,233510286434,Kajal Kumari,148.4607659,5,2,Not Applicable,Not Applicable,Not Applicable,Not Applicable,Not Applicable,9354643631,kajalkumari610stylist@gmail.com
CSAS Round-I,26292/LC/738/1/1/CSAS,233510488008,SEJAL,542.4263849,4,2,Not Applicable,Not Applicable,Not Applicable,Not Applicable,Not Applicable,9210551508,123anilkumar1978@gmail.com
CSAS Round-I,25827/LC/738/1/1/CSAS,233510303065,Shreya Singh,456.2266742,3,2,Not Applicable,Not Applicable,Not Applicable,Not Applicable,Not Applicable,8090018836,shreyasingh80900@gmail.com
CSAS Round-I,23678/LC/738/1/1/CSAS,233510598229,NITYA PHOOLWANI,573.0858576,1,2,Not Applicable,Not Applicable,Not Applicable,Not Applicable,Not Applicable,8937990590,nitya0703@gmail.com
CSAS Round-I,21262/LC/738/1/1/CSAS,233510255619,SHILPA DEY,674.454052,1,2,Not Applicable,Not Applicable,Not Applicable,Not Applicable,Not Applicable,9354777384,shilpadey247@gmail.com
CSAS Round-I,21241/LC/738/1/1/CSAS,233511630387,MS KAVITA SWAMI,475.7332322,3,2,Not Applicable,Not Applicable,Not Applicable,Not Applicable,Not Applicable,8949719476,swamikavita030@gmail.com
CSAS Round-I,19728/LC/738/1/1/CSAS,233510975286,Ujas,573.8857177,1,2,Not Applicable,Not Applicable,Not Applicable,Not Applicable,Not Applicable,9654236257,gurshimrankaurmann@gmail.com
CSAS Round-I,19323/LC/738/1/1/CSAS,233510255509,Lalitha Angel Palepu,436.6822358,4,2,Not Applicable,Not Applicable,Not Applicable,Not Applicable,Not Applicable,8179020727,lalithaangelpalepu@gmail.com
CSAS Round-I,18897/LC/738/1/1/CSAS,233510214250,Preeti,460.0420287,3,2,Not Applicable,Not Applicable,Not Applicable,Not Applicable,Not Applicable,8569977690,Preetigomi@gmail.com
CSAS Round-I,17110/LC/738/1/1/CSAS,233510306527,DABEER BANO,579.9113252,1,2,Not Applicable,Not Applicable,Not Applicable,Not Applicable,Not Applicable,8954124124,dabeerbano@gmail.com
CSAS Round-I,17001/LC/738/1/1/CSAS,233510361471,KASHVI PATEL,450.5391548,3,2,Not Applicable,Not Applicable,Not Applicable,Not Applicable,Not Applicable,9569976785,anilkumar03072006@gmail.com
CSAS Round-I,16193/LC/738/1/1/CSAS,233510427013,Thinless Angmo,192.4156596,5,2,Not Applicable,Not Applicable,Not Applicable,Not Applicable,Not Applicable,8899733522,angmoangmo92@gmail.com
CSAS Round-I,12405/LC/738/1/1/CSAS,233510962095,RENU SINGH,573.677238,1,2,Not Applicable,Not Applicable,Not Applicable,Not Applicable,Not Applicable,9027751671,evamsingh53@gmail.com
