round,reference_no,form_no,name,score,category,gender,kashmiri_migrant,pwd_category,minority,cw_quota,ward_quota,mobile,email
CSAS Round-II,146387/LC/843/2/2/CSAS,233510055551,Preksha Naruka,561.7012541,Unreserved (UR),2,Not Applicable,Not Applicable,Not Applicable,Not Applicable,Not Applicable,9660840102,prekshanaruka0@gmail.com
CSAS Round-II,134648/LC/843/2/2/CSAS,233510073499,MANSI,294.585325,SC,2,Not Applicable,Not Applicable,Not Applicable,Not Applicable,Not Applicable,9718902129,mansi33k@gmail.com
CSAS Round-II,131886/LC/843/2/2/CSAS,233510513115,Shruti Kumari,349.8562871,OBC Non Creamy,2,Not Applicable,Not Applicable,Not Applicable,Not Applicable,Not Applicable,8521772758,shrutisarraf05@gmail.com
CSAS Round-II,115633/LC/843/2/2/CSAS,233510875486,Ankita keshari,169.9173548,EWS,2,Not Applicable,Not Applicable,Not Applicable,Not Applicable,Not Applicable,8299204726,ankitakeshari008@gmail.com
CSAS Round-II,107361/LC/843/2/2/CSAS,233511012223,JAYANSHI JAIN,555.992774,Unreserved (UR),2,Not Applicable,Not Applicable,Not Applicable,Not Applicable,Not Applicable,6350137749,shrutipatodi226@gmail.com
CSAS Round-II,106657/LC/843/2/2/CSAS,233510176962,Prisha Tewari,564.5978126,Unreserved (UR),2,Not Applicable,Not Applicable,Not Applicable,Not Applicable,Not Applicable,9870117276,prishatewari.07@gmail.com
CSAS Round-II,106169/LC/843/2/2/CSAS,233510336697,KASHISH GUPTA,540.739078,Unreserved (UR),2,Not Applicable,Not Applicable,Not Applicable,Not Applicable,Not Applicable,8383038132,umeshgupta120000@gmail.com
CSAS Round-II,96736/LC/843/2/2/CSAS,233510912100,Pratiti Chhatwal,555.0367995,Unreserved (UR),2,Not Applicable,Not Applicable,Not Applicable,Not Applicable,Not Applicable,7827118822,pratitichhatwal@yahoo.com
CSAS Round-I,90155/LC/843/1/1/CSAS,233510370401,Nandini Singh,465.0358975,OBC Non Creamy,2,Not Applicable,Not Applicable,Not Applicable,Not Applicable,Not Applicable,9643051137,justnandini4u@gmail.com
CSAS Round-I,63848/LC/843/1/1/CSAS,233510005503,Yashika Chopra,575.3414708,Unreserved (UR),2,Not Applicable,Not Applicable,Not Applicable,Not Applicable,Not Applicable,8588080034,rahulchopra637@gmail.com
CSAS Round-I,60648/LC/843/1/1/CSAS,233511334093,BHAVANA SHARMA,357.4652267,EWS,2,Not Applicable,Not Applicable,Not Applicable,Not Applicable,Not Applicable,7455978130,pandithimanshu649@gmail.com
CSAS Round-I,54473/LC/843/1/1/CSAS,233510022224,Geetika,346.501636,SC,2,Not Applicable,Not Applicable,Not Applicable,Not Applicable,Yes,8882903284,geetikajayant645@gmail.com
CSAS Round-I,52983/LC/843/1/1/CSAS,233510351415,Reva Patel,643.1909228,Unreserved (UR),2,Not Applicable,Not Applicable,Not Applicable,Not Applicable,Not Applicable,8929401177,reva15705@gmail.com
CSAS Round-I,30183/LC/843/1/1/CSAS,233510344961,BHARTI HALDAR,357.6692203,SC,2,Not Applicable,Not Applicable,Not Applicable,Not Applicable,Not Applicable,9899756356,bharathalder32@gmail.com
CSAS Round-I,27543/LC/843/1/1/CSAS,233510244275,MEHUL MANSI,455.7235697,OBC Non Creamy,2,Not Applicable,Not Applicable,Not Applicable,Not Applicable,Not Applicable,8102386494,mehulmansi27@gmail.com
CSAS Round-I,26226/LC/843/1/1/CSAS,233510023229,Prakriti Chaurasia,412.5385209,OBC Non Creamy,2,Not Applicable,Not Applicable,Not Applicable,Not Applicable,Not Applicable,8604631169,chaurasiaprakriti5@gmail.com
CSAS Round-I,19624/LC/843/1/1/CSAS,233510565791,KAJAL,480.1662637,OBC Non Creamy,2,Not Applicable,Not Applicable,Not Applicable,Not Applicable,Not Applicable,8700986281,kajaldass2006@gmail.com
CSAS Round-I,13596/LC/843/1/1/CSAS,233510419517,KHUSHI JAIN,593.3845415,Unreserved (UR),2,Not Applicable,Not Applicable,Not Applicable,Not Applicable,Not Applicable,9999231033,kj9611776@gmail.com
