round,reference_no,form_no,name,score,category,gender,kashmiri_migrant,pwd_category,minority,cw_quota,ward_quota,mobile,email
CSAS Round-II,147220/LC/685/2/2/CSAS,233510621754,AKRITI KUMARI,284.3313129,4,2,Not Applicable,Not Applicable,Not Applicable,Not Applicable,Not Applicable,9142116205,kumariakriti173@gmail.com
CSAS Round-II,140617/LC/685/2/2/CSAS,233510162211,ROLI,282.0640407,4,2,Not Applicable,Not Applicable,Not Applicable,Not Applicable,Not Applicable,9716380930,rolibhartiroli@gmail.com
CSAS Round-II,140530/LC/685/2/2/CSAS,233510255070,SHIWANGI RAJ,362.5449078,3,2,Not Applicable,Not Applicable,Not Applicable,Not Applicable,Not Applicable,9798337782,shiwangiraj16155@gmail.com
CSAS Round-II,132845/LC/685/2/2/CSAS,233510411703,PALAK SINGH,287.4317285,5,2,Not Applicable,Not Applicable,Not Applicable,Not Applicable,Not Applicable,9818132346,palak43435@gmail.com
CSAS Round-II,126313/LC/685/2/2/CSAS,233510797141,SANYA MEHEROLYA,290.5555107,4,2,Not Applicable,Not Applicable,Not Applicable,Not Applicable,Not Applicable,9711724900,dalbeersingh777@gmail.com
CSAS Round-II,125049/LC/685/2/2/CSAS,233510190052,SREELEKHA SAHOO,379.1366611,3,2,Not Applicable,Not Applicable,Not Applicable,Not Applicable,Not Applicable,9891144820,Sreelekhasahoo23@gmail.com
CSAS Round-II,122482/LC/685/2/2/CSAS,233510010316,ASTHA SAHU,354.9502583,3,2,Not Applicable,Not Applicable,Not Applicable,Not Applicable,Not Applicable,7004616409,asthasahuas2004@gmail.com
CSAS Round-II,117520/LC/685/2/2/CSAS,233510110495,Madhu priya,363.7221178,3,2,Not Applicable,Not Applicable,Not Applicable,Not Applicable,Not Applicable,7004275001,madhupriyapriya37@gmail.com
CSAS Round-II,117200/LC/685/2/2/CSAS,233510003172,Manisha kumari,365.0440652,3,2,Not Applicable,Not Applicable,Not Applicable,Not Applicable,Not Applicable,8603254381,manishasinhaa26@gmail.com
CSAS Round-II,116150/LC/685/2/2/CSAS,233511208083,Pratiksha Pal,351.9890618,3,2,Not Applicable,Not Applicable,Not Applicable,Not Applicable,Not Applicable,8287127817,kpal3954@gmail.com
CSAS Round-II,115900/LC/685/2/2/CSAS,233510912006,Kanan Yadav,354.8640736,3,2,Not Applicable,Not Applicable,Not Applicable,Not Applicable,Not Applicable,8130319378,nainy12369@gmail.com
CSAS Round-II,115319/LC/685/2/2/CSAS,233510495338,AKANSHA CHOUDHARY,281.6192588,4,2,Not Applicable,Not Applicable,Not Applicable,Not Applicable,Not Applicable,8825159138,akanshachaudhary8825@gmail.com
CSAS Round-II,112279/LC/685/2/2/CSAS,233510047403,Arshi Kumari,285.8914132,6,2,Not Applicable,Not Applicable,Not Applicable,Not Applicable,Not Applicable,9113125532,arshikumari1007@gmail.com
CSAS Round-II,111986/LC/685/2/2/CSAS,233510498165,SAMRIDHI PRIYA,364.9541335,3,2,Not Applicable,Not Applicable,Not Applicable,Not Applicable,Not Applicable,6209849037,samridhi6873@gmail.com
CSAS Round-II,103992/LC/685/2/2/CSAS,233510744153,Rakshita,286.5535233,4,2,Not Applicable,Not Applicable,Not Applicable,Not Applicable,Not Applicable,7982540549,rakshita.9482@kvsrodelhi.in
CSAS Round-I,93672/LC/685/1/1/CSAS,233510514443,TRIPTI JAUHARI,447.5502823,3,2,Not Applicable,Not Applicable,Not Applicable,Not Applicable,Not Applicable,9452243742,triptijauhari@gmail.com
CSAS Round-I,93407/LC/685/1/1/CSAS,233510280461,Prisha Somani,592.3754581,1,2,Not Applicable,Not Applicable,Not Applicable,Not Applicable,Not Applicable,9413971739,somaniprisha05@gmail.com
CSAS Round-I,89903/LC/685/1/1/CSAS,233510578503,Khushboo,589.0683695,1,2,Not Applicable,Not Applicable,Not Applicable,Priority VIII: Wards of Serving Personnel,Not Applicable,9752155312,ad3193979@gmail.com
CSAS Round-I,88969/LC/685/1/1/CSAS,233510154916,AARTI SHARMA,586.7301309,1,2,Not Applicable,Not Applicable,Not Applicable,Not Applicable,Not Applicable,9821074708,aarti14sharmaa@gmail.com
CSAS Round-I,88962/LC/685/1/1/CSAS,233510303264,NANDINI VERMA,607.5088107,1,2,Not Applicable,Not Applicable,Not Applicable,Not Applicable,Not Applicable,8585937922,vermanandini1411@gmail.com
CSAS Round-I,84220/LC/685/1/1/CSAS,233510214566,Samaira Jolly,590.3048923,1,2,Not Applicable,Not Applicable,Not Applicable,Not Applicable,Not Applicable,9582028828,Samairajolly7@gmail.com
CSAS Round-I,83536/LC/685/1/1/CSAS,233510168813,Apoorva Tiwari,600.025952,1,2,Not Applicable,Not Applicable,Not Applicable,Not Applicable,Not Applicable,9319200729,apoorvat0099@gmail.com
CSAS Round-I,82377/LC/685/1/1/CSAS,233510204181,Nishtha Deepchandani,590.5698078,1,2,Not Applicable,Not Applicable,Not Applicable,Not Applicable,Not Applicable,7229955662,nishthadeep2@gmail.com
CSAS Round-I,78718/LC/685/1/1/CSAS,233510210516,Bhavneet kaur,592.5137988,1,2,Not Applicable,Not Applicable,Not Applicable,Not Applicable,Not Applicable,9971685926,bhavk005@gmail.com
CSAS Round-I,78706/LC/685/1/1/CSAS,233510322432,Arshia Jain,660.0293548,1,2,Not Applicable,Not Applicable,Not Applicable,Not Applicable,Not Applicable,9599495612,arshiajain99@gmail.com
CSAS Round-I,72263/LC/685/1/1/CSAS,233510135014,Disha,586.03477,1,2,Not Applicable,Not Applicable,Not Applicable,Not Applicable,Not Applicable,9355163643,dishasingh14012006@gmail.com
CSAS Round-I,69401/LC/685/1/1/CSAS,233510134431,RAMTENKI SANGAMITRA,308.9375835,4,2,Not Applicable,Not Applicable,Not Applicable,Not Applicable,Not Applicable,6305447604,ramtenkisangamitra@gmail.com
CSAS Round-I,46359/LC/685/1/1/CSAS,233510570721,Sneha Swarnkar,604.6629708,1,2,Not Applicable,Not Applicable,Not Applicable,Not Applicable,Not Applicable,9013121521,snehaswarnkar2@gmail.com
CSAS Round-I,44070/LC/685/1/1/CSAS,233510781611,TANISHKA BAWEJA,599.0690276,1,2,Not Applicable,Not Applicable,Not Applicable,Not Applicable,Not Applicable,9810846966,tanishkabaweja@gmail.com
CSAS Round-I,43503/LC/685/1/1/CSAS,233510097191,Nishtha Dua,588.7779783,1,2,Not Applicable,Not Applicable,Not Applicable,Not Applicable,Not Applicable,9773501657,nishthadua20@gmail.com
CSAS Round-I,43089/LC/685/1/1/CSAS,233510524659,ADITI MISHRA,338.5230661,6,2,Not Applicable,Not Applicable,Not Applicable,Not Applicable,Not Applicable,9580959318,aditi420gungun@gmail.com
CSAS Round-I,35578/LC/685/1/1/CSAS,233511450816,Kashish,639.12121,3,2,Not Applicable,Not Applicable,Not Applicable,Not Applicable,Not Applicable,9711133226,manindarbansal@gmail.com
CSAS Round-I,32690/LC/685/1/1/CSAS,233510024693,NIHARIKA BATRA,613.790824,1,2,Not Applicable,Not Applicable,Not Applicable,Not Applicable,Not Applicable,9015550550,niharikaheritage@gmail.com
CSAS Round-I,31925/LC/685/1/1/CSAS,233510103118,Krishi Gupta,586.0360404,1,2,Not Applicable,Not Applicable,Not Applicable,Not Applicable,Not Applicable,9871899496,ashishkrishi2212@gmail.com
CSAS Round-I,31151/LC/685/1/1/CSAS,233510638175,SURBHI SHARMA,591.5288524,1,2,Not Applicable,Not Applicable,Not Applicable,Not Applicable,Not Applicable,7982172628,surbhisharma16006ms@gmail.com
