round,reference_no,form_no,name,score,category,gender,kashmiri_migrant,pwd_category,minority,cw_quota,ward_quota,mobile,email
CSAS Round-II,135329/LC/15/2/2/CSAS,233510508765,AARNA KATYAL,609.3169483,1,2,Not Applicable,Not Applicable,Not Applicable,Not Applicable,Not Applicable,9810513553,aarnakatyal12@gmail.com
CSAS Round-II,130521/LC/15/2/2/CSAS,233511290390,Anamika Choudhary,409.8796636,3,2,Not Applicable,Not Applicable,Not Applicable,Priority VIII: Wards of Serving Personnel,Not Applicable,7737777473,anamika082005@gmail.com
CSAS Round-II,129980/LC/15/2/2/CSAS,233510285302,Vaishnavi,405.7320955,3,2,Not Applicable,Not Applicable,Not Applicable,Not Applicable,Not Applicable,8840534659,vaishnavi01946@gmail.com
CSAS Round-II,122968/LC/15/2/2/CSAS,233510561209,Anchal Gupta,411.7070007,3,2,Not Applicable,Not Applicable,Not Applicable,Not Applicable,Not Applicable,8130153508,guptaanchal312@gmail.com
CSAS Round-II,121074/LC/15/2/2/CSAS,233510164585,Priyanshi Priya,426.3946389,3,2,Not Applicable,Not Applicable,Not Applicable,Priority VIII: Wards of Serving Personnel,Not Applicable,9459262556,priyapriyanshi073@gmail.com
CSAS Round-II,119088/LC/15/2/2/CSAS,233510015063,lakshiyta,401.288304,3,2,Not Applicable,Not Applicable,Not Applicable,Not Applicable,Not Applicable,8448187994,senlakshita240@gmail.com
CSAS Round-II,117335/LC/15/2/2/CSAS,233510598042,Manasvi Sethia,609.1972974,1,2,Not Applicable,Not Applicable,Not Applicable,Not Applicable,Not Applicable,9315552885,sethiamanasvi@gmail.com
CSAS Round-II,113742/LC/15/2/2/CSAS,233510356733,Mishti Arora,611.835116,1,2,Not Applicable,Not Applicable,Not Applicable,Not Applicable,Not Applicable,9319690282,mishtiarora1207@gmail.com
CSAS Round-II,112572/LC/15/2/2/CSAS,233510049725,Manu Dixit,293.8735341,6,2,Not Applicable,Not Applicable,Not Applicable,Not Applicable,Not Applicable,6307846055,dikshitm25@gmail.com
CSAS Round-II,111277/LC/15/2/2/CSAS,233510272776,Lakshmi Sharma,301.9999897,6,2,Not Applicable,Not Applicable,Not Applicable,Not Applicable,Not Applicable,9810964669,baburam.sharma2013@gmail.com
CSAS Round-II,110047/LC/15/2/2/CSAS,233510675128,Drishti,608.2937882,1,2,Not Applicable,Not Applicable,Not Applicable,Not Applicable,Not Applicable,9971049861,drishtikalyani7@gmail.com
CSAS Round-II,109877/LC/15/2/2/CSAS,233510494888,RASHI,307.3771325,6,2,Not Applicable,Not Applicable,Not Applicable,Not Applicable,Not Applicable,9958969868,rashikabeer3@gmail.com
CSAS Round-II,104070/LC/15/2/2/CSAS,233510482075,RAJNI,395.4706324,3,2,Not Applicable,Not Applicable,Not Applicable,Not Applicable,Not Applicable,9711050898,jitenderyadav3759@gmail.com
CSAS Round-II,100611/LC/15/2/2/CSAS,233510266263,Radhika Yadav,427.6101619,3,2,Not Applicable,Not Applicable,Not Applicable,Not Applicable,Not Applicable,9958037784,ydvradhika13@gmail.com
CSAS Round-II,99706/LC/15/2/2/CSAS,233511270928,THOUNAOJAM SYLVIA,416.0658508,3,2,Not Applicable,Not Applicable,Not Applicable,Not Applicable,Not Applicable,8730866051,thounaojamsylvia55@gmail.com
CSAS Round-II,98160/LC/15/2/2/CSAS,233510271720,Kirti Goswami,403.2409255,3,2,Not Applicable,Not Applicable,Not Applicable,Not Applicable,Not Applicable,7303841267,manju98716@gmail.com
CSAS Round-I,95202/LC/15/1/1/CSAS,233510383930,Ridhima Arora,623.0511751,1,2,Not Applicable,Not Applicable,Not Applicable,Not Applicable,Not Applicable,8595606770,ridhimadiy@gmail.com
CSAS Round-I,94738/LC/15/1/1/CSAS,233510167040,Richa Oinam,452.8790605,4,2,Not Applicable,Not Applicable,Not Applicable,Not Applicable,Not Applicable,6009303658,richaoinam06@gmail.com
CSAS Round-I,94724/LC/15/1/1/CSAS,233510750285,Nidhi Pandey,617.4250829,1,2,Not Applicable,Not Applicable,Not Applicable,Not Applicable,Not Applicable,7011841291,nidhipandey.7246@gmail.com
CSAS Round-I,90078/LC/15/1/1/CSAS,233510342274,ANOKHI KUMARI,636.7858269,1,2,Not Applicable,Not Applicable,Not Applicable,Not Applicable,Not Applicable,8383029425,anokhikumari72@gmail.com
CSAS Round-I,88493/LC/15/1/1/CSAS,233510096670,Lipakshi,625.2258017,1,2,Not Applicable,Not Applicable,Not Applicable,Not Applicable,Not Applicable,9350338847,lipakshimehlavat2109@gmail.com
CSAS Round-I,87748/LC/15/1/1/CSAS,233510138273,Shimra Anjum,441.8725579,3,2,Not Applicable,Not Applicable,Not Applicable,Not Applicable,Not Applicable,9717967502,anjumshimra@gmail.com
CSAS Round-I,79015/LC/15/1/1/CSAS,233510086656,KOMAL,499.3366075,4,2,Not Applicable,Not Applicable,Not Applicable,Not Applicable,Not Applicable,8851414581,deshrajdadwal7600@gmail.com
CSAS Round-I,78375/LC/15/1/1/CSAS,233510908620,Shraddha,350.7719121,6,2,Not Applicable,Not Applicable,Not Applicable,Not Applicable,Not Applicable,8271801700,shraddhasinha7777@gmail.com
CSAS Round-I,77106/LC/15/1/1/CSAS,233510545697,NISHA BHARTI,439.1399194,3,2,Not Applicable,Not Applicable,Not Applicable,Priority VIII: Wards of Serving Personnel,Not Applicable,6203519390,prashilamilan@gmail.com
CSAS Round-I,76083/LC/15/1/1/CSAS,233510749581,ARINA NONGMAITHEM,492.2899497,3,2,Not Applicable,Not Applicable,Not Applicable,Not Applicable,Not Applicable,8798129831,advancenew2020@gmail.com
CSAS Round-I,75073/LC/15/1/1/CSAS,233510357765,GAURI GUPTA,420.3180934,6,2,Not Applicable,Not Applicable,Not Applicable,Not Applicable,Not Applicable,9625370584,cade28993@gmail.com
CSAS Round-I,74606/LC/15/1/1/CSAS,233510819911,Mansi Sharma,640.6469435,1,2,Not Applicable,Not Applicable,Not Applicable,Not Applicable,Not Applicable,9829035440,ambikasharma911979@gmail.com
CSAS Round-I,74202/LC/15/1/1/CSAS,233510401477,sia kalra,632.2160011,1,2,Not Applicable,Not Applicable,Not Applicable,Not Applicable,Not Applicable,9599633938,siakalra2020@gmail.com
CSAS Round-I,73182/LC/15/1/1/CSAS,233510298626,OJASVIKA,426.7746455,4,2,Not Applicable,Not Applicable,Not Applicable,Not Applicable,Not Applicable,9871579114,netram10@gmail.com
CSAS Round-I,70762/LC/15/1/1/CSAS,233510464815,Tanuja Yadav,453.6177353,3,2,Not Applicable,Not Applicable,Not Applicable,Not Applicable,Not Applicable,7042669338,tanujaydav63@gmail.com
CSAS Round-I,68644/LC/15/1/1/CSAS,233510900119,Ananya Singh Tamrakar,431.4793949,3,2,Not Applicable,Not Applicable,Not Applicable,Not Applicable,Not Applicable,9109029661,ananya11singh30@gmail.com
CSAS Round-I,67497/LC/15/1/1/CSAS,233511431867,BHOOMI,665.2279686,1,2,Not Applicable,Not Applicable,Not Applicable,Not Applicable,Not Applicable,8950982001,kumkumgarghcs@gmail.com
CSAS Round-I,65446/LC/15/1/1/CSAS,233510498325,BINAYIKA SARASWAT,640.8699262,1,2,Not Applicable,Not Applicable,Not Applicable,Not Applicable,Not Applicable,9927084648,maheshsaraswat2016@gmail.com
CSAS Round-I,65367/LC/15/1/1/CSAS,233510284722,Ada Kadian,612.1679881,1,2,Not Applicable,Not Applicable,Not Applicable,Not Applicable,Not Applicable,7404173052,adakadian47@gmail.com
CSAS Round-I,64362/LC/15/1/1/CSAS,233510519726,Anjali Shekhar,612.7385902,1,2,Not Applicable,Not Applicable,Not Applicable,Not Applicable,Not Applicable,6204850098,anjalishekhar746@gmail.com
CSAS Round-I,63884/LC/15/1/1/CSAS,233510372291,Shreya Ray,615.1579569,1,2,Not Applicable,Not Applicable,Not Applicable,Not Applicable,Not Applicable,9873298098,shreyaray06@gmail.com
CSAS Round-I,61111/LC/15/1/1/CSAS,233510128560,SHAURYA,393.9345161,4,2,Not Applicable,Not Applicable,Not Applicable,Not Applicable,Not Applicable,9810553345,rajeshbarolia07@gmail.com
CSAS Round-I,60284/LC/15/1/1/CSAS,233510288550,Muskan Jha,635.7676371,1,2,Not Applicable,Not Applicable,Not Applicable,Not Applicable,Not Applicable,8447744452,muskanjha@gmail.com
CSAS Round-I,60158/LC/15/1/1/CSAS,233510449195,Devangana Kashyap,617.8022616,1,2,Not Applicable,Not Applicable,Not Applicable,Not Applicable,Not Applicable,9004372132,kashyapdevangana@gmail.com
CSAS Round-I,50281/LC/15/1/1/CSAS,233510206234,Mansi,496.3177911,3,2,Not Applicable,Not Applicable,Not Applicable,Not Applicable,Not Applicable,9999078876,mansibasotia@gmail.com
CSAS Round-I,49941/LC/15/1/1/CSAS,233510549287,ZAREEN SIDDIQUI,471.7043611,3,2,Not Applicable,Not Applicable,Not Applicable,Not Applicable,Not Applicable,9999446420,szareen157@gmail.com
CSAS Round-I,42573/LC/15/1/1/CSAS,233511271965,Satnam kaur,434.3605581,4,2,Not Applicable,Not Applicable,Sikh Minority,Not Applicable,Not Applicable,7827111589,Satnamkaursk123@gmail.com
CSAS Round-I,37751/LC/15/1/1/CSAS,233511011693,TASHU,410.0141541,4,2,Not Applicable,Not Applicable,Not Applicable,Not Applicable,Not Applicable,9871800930,tashuchouhan4725@gmail.com
CSAS Round-I,25891/LC/15/1/1/CSAS,233510249171,DIVYA SINGH,402.7353735,4,2,Not Applicable,Not Applicable,Not Applicable,Not Applicable,Not Applicable,9140753726,singhr7106@gmail.com
CSAS Round-I,21907/LC/15/1/1/CSAS,233510111065,SONY SREENIVAS,414.7975036,4,2,Not Applicable,Not Applicable,Not Applicable,Not Applicable,Not Applicable,8943375550,sonysreenivas2000@gmail.com
CSAS Round-I,20422/LC/15/1/1/CSAS,233510281241,PRACHI,178.0816809,5,2,Not Applicable,Not Applicable,Not Applicable,Not Applicable,Not Applicable,8383890879,prachi12071980@gmail.com
CSAS Round-I,18699/LC/15/1/1/CSAS,233510279199,Veronica Ningthoujam,678.6488992,1,2,Not Applicable,Not Applicable,Not Applicable,Not Applicable,Not Applicable,7628022658,Veroningthoujam05@gmail.com
CSAS Round-I,17493/LC/15/1/1/CSAS,233510322848,JYOTI,490.7684617,4,2,Not Applicable,Not Applicable,Not Applicable,Not Applicable,Not Applicable,9555092518,kumarvj475@gmail.com
CSAS Round-I,16052/LC/15/1/1/CSAS,233510567080,VRINDA BATRA,618.4026961,1,2,Not Applicable,Not Applicable,Not Applicable,Not Applicable,Not Applicable,8800898589,vrindabatra80677@gmail.com
CSAS Round-I,15763/LC/15/1/1/CSAS,233510092836,Pallavi,449.0907064,4,2,Not Applicable,Not Applicable,Not Applicable,Not Applicable,Not Applicable,9818802528,rrmpb8@gmail.com
CSAS Round-I,14132/LC/15/1/1/CSAS,233510361032,Niva Sharma,622.0612167,1,2,Not Applicable,Not Applicable,Not Applicable,Not Applicable,Not Applicable,9317161514,nivasharma17@gmail.com
CSAS Round-I,12656/LC/15/1/1/CSAS,233510196417,SHREYA KORAM,245.831736,5,2,Not Applicable,Not Applicable,Not Applicable,Not Applicable,Not Applicable,8269276357,shreyakoram4@gmail.com
CSAS Round-I,12575/LC/15/1/1/CSAS,233511179697,Kashish Narula,616.1428099,1,2,Not Applicable,Not Applicable,Not Applicable,Not Applicable,Not Applicable,7303313020,kashishnarula6@gmail.com
CSAS Round-I,11496/LC/15/1/1/CSAS,233511422232,NIDHI,451.8797376,4,2,Not Applicable,Not Applicable,Not Applicable,Not Applicable,Not Applicable,9312906490,anilkumar0000879@gmail.com
CSAS Round-I,10695/LC/15/1/1/CSAS,233510113519,pearl nagpal,619.5507348,1,2,Not Applicable,Not Applicable,Not Applicable,Not Applicable,Not Applicable,9821047501,pearl.nagpal26@gmail.com
