round,reference_no,form_no,name,score,category,gender,kashmiri_migrant,pwd_category,minority,cw_quota,ward_quota,mobile,email
CSAS Round-II,145917/LC/37/2/2/CSAS,2.34E+11,Saumya Gupta,474.7278287,3,2,Not Applicable,Not Applicable,Not Applicable,Not Applicable,Not Applicable,9142877083,guptasaumya0077@gmail.com
CSAS Round-II,142471/LC/37/2/2/CSAS,2.34E+11,KHUSHI SINGH,478.0327668,6,2,Not Applicable,Not Applicable,Not Applicable,Not Applicable,Not Applicable,9540483590,khushisingh2822nkbps@gmail.com
CSAS Round-II,138395/LC/37/2/2/CSAS,2.34E+11,TANIYA PANDIT,473.6243618,3,2,Not Applicable,Not Applicable,Not Applicable,Not Applicable,Not Applicable,9560281551,taniyapandit125@gmail.com
CSAS Round-II,136832/LC/37/2/2/CSAS,2.34E+11,Shruti,457.6145037,3,2,Not Applicable,Not Applicable,Not Applicable,Not Applicable,Not Applicable,9911743422,mukeshsunila.mk@gmail.com
CSAS Round-II,135988/LC/37/2/2/CSAS,2.34E+11,NISHU KUMARI,456.8719559,3,2,Not Applicable,Not Applicable,Not Applicable,Not Applicable,Not Applicable,9113468632,sushmanishuvinny.123@gmail.com
CSAS Round-II,134647/LC/37/2/2/CSAS,2.34E+11,Ekta Kumari,463.5408627,3,2,Not Applicable,Not Applicable,Not Applicable,Priority VIII: Wards of Serving Personnel,Not Applicable,7878286923,ektakumari9890@gmail.com
CSAS Round-II,130137/LC/37/2/2/CSAS,2.34E+11,Sonal Tevatia,499.3727225,6,2,Not Applicable,Not Applicable,Not Applicable,Not Applicable,Not Applicable,8447175708,sonaltevatia29@gmail.com
CSAS Round-II,125732/LC/37/2/2/CSAS,2.34E+11,Priyanshi Patidar,473.0857119,3,2,Not Applicable,Not Applicable,Not Applicable,Not Applicable,Not Applicable,9303886633,patidarpriyanshi6@gmail.com
CSAS Round-II,114600/LC/37/2/2/CSAS,2.34E+11,Riya Sharma,468.2906357,6,2,Not Applicable,Not Applicable,Not Applicable,Not Applicable,Not Applicable,9523720734,riyasharma12149@gmail.com
CSAS Round-II,108747/LC/37/2/2/CSAS,2.34E+11,Shivangi Verma,455.5545814,3,2,Not Applicable,Not Applicable,Not Applicable,Not Applicable,Not Applicable,9557288119,vshivangi079@gmail.com
CSAS Round-II,101563/LC/37/2/2/CSAS,2.34E+11,Addya Kaur,465.6005222,6,2,Not Applicable,Not Applicable,Not Applicable,Not Applicable,Not Applicable,7905317900,addyakaur3121@gmail.com
CSAS Round-II,98360/LC/37/2/2/CSAS,2.34E+11,AARJU PARWEEN,455.0782842,3,2,Not Applicable,Not Applicable,Not Applicable,Not Applicable,Not Applicable,7004680627,aarjuhmd@gmail.com
CSAS Round-I,95776/LC/37/1/1/CSAS,2.34E+11,Lavisha lakhotia,668.8159663,1,2,Not Applicable,Not Applicable,Not Applicable,Not Applicable,Not Applicable,9311987958,lavisha.lakhotia2006@gmail.com
CSAS Round-I,93742/LC/37/1/1/CSAS,2.34E+11,Riya Gupta,677.998937,1,2,Not Applicable,Not Applicable,Not Applicable,Not Applicable,Not Applicable,9718960858,riyagupta6october@gmail.com
CSAS Round-I,92028/LC/37/1/1/CSAS,2.34E+11,Priyanka Choudhary,490.9173041,3,2,Not Applicable,Not Applicable,Not Applicable,Not Applicable,Not Applicable,9001365217,priyankachoudhary5217@gmail.com
CSAS Round-I,90633/LC/37/1/1/CSAS,2.34E+11,Unnati Gupta,698.3822073,1,2,Not Applicable,Not Applicable,Not Applicable,Not Applicable,Not Applicable,9650091512,unnatigupta6908@gmail.com
CSAS Round-I,90415/LC/37/1/1/CSAS,2.34E+11,Shruti Saini,518.7639908,3,2,Not Applicable,Not Applicable,Not Applicable,Not Applicable,Not Applicable,9354543205,sainishruti2005@gmail.com
CSAS Round-I,89865/LC/37/1/1/CSAS,2.34E+11,RITIKA SINGH,674.9467955,1,2,Not Applicable,Not Applicable,Not Applicable,Not Applicable,Not Applicable,8709339513,rs1984.aur@gmail.com
CSAS Round-I,89853/LC/37/1/1/CSAS,2.34E+11,JIYA,549.7514904,6,2,Not Applicable,Not Applicable,Not Applicable,Not Applicable,Not Applicable,8506938118,guptajiya59@gmail.com
CSAS Round-I,89669/LC/37/1/1/CSAS,2.34E+11,Tanisha Bajaj,691.8559603,1,2,Not Applicable,Not Applicable,Not Applicable,Not Applicable,Not Applicable,9319492272,tbajaj1012@gmail.com
CSAS Round-I,89266/LC/37/1/1/CSAS,2.34E+11,ROZY,494.5580793,3,2,Not Applicable,Not Applicable,Not Applicable,Not Applicable,Not Applicable,9555520084,rozyr2399@gmail.com
CSAS Round-I,86520/LC/37/1/1/CSAS,2.34E+11,vanshika,511.7976351,6,2,Not Applicable,Not Applicable,Not Applicable,Not Applicable,Not Applicable,8287918094,gargvanshika164@gmail.com
CSAS Round-I,85260/LC/37/1/1/CSAS,2.34E+11,KAJAL,484.3741221,3,2,Not Applicable,Not Applicable,Not Applicable,Not Applicable,Not Applicable,8826499685,nitishsahni564@gmail.com
CSAS Round-I,85043/LC/37/1/1/CSAS,2.34E+11,AMISHA SHARMA,694.6414285,1,2,Not Applicable,Not Applicable,Not Applicable,Not Applicable,Not Applicable,7428929345,amishajio123@gmail.com
CSAS Round-I,83523/LC/37/1/1/CSAS,2.34E+11,DEEPANSHI SAGWAN,520.7048484,4,2,Not Applicable,Not Applicable,Not Applicable,Not Applicable,Not Applicable,7048989211,deepanshisagwan7@gmail.com
CSAS Round-I,82069/LC/37/1/1/CSAS,2.34E+11,MEHAK GAUR,673.9227628,1,2,Not Applicable,Not Applicable,Not Applicable,Not Applicable,Not Applicable,9999169581,mehakgaur004@gmail.com
CSAS Round-I,80953/LC/37/1/1/CSAS,2.34E+11,Vaishnavi Namdev,500.4530406,3,2,Not Applicable,Not Applicable,Not Applicable,Not Applicable,Not Applicable,7668721645,vaishnavinamdev3134@gmail.com
CSAS Round-I,80940/LC/37/1/1/CSAS,2.34E+11,Priya Bharti,481.2030434,3,2,Not Applicable,Not Applicable,Not Applicable,Not Applicable,Not Applicable,9661400618,Priyabharti2495@gmail.com
CSAS Round-I,80091/LC/37/1/1/CSAS,2.34E+11,RUDRAKSHI SHARMA,677.7473681,1,2,Not Applicable,Not Applicable,Not Applicable,Not Applicable,Not Applicable,7905305088,rudrakshii111sharmaa@gmail.com
CSAS Round-I,79732/LC/37/1/1/CSAS,2.34E+11,Maitreyee Srivastava,670.4767025,1,2,Not Applicable,Not Applicable,Not Applicable,Not Applicable,Not Applicable,9661738521,maitreyees844@gmail.com
CSAS Round-I,79078/LC/37/1/1/CSAS,2.34E+11,SURBHI SHARMA,673.5356312,1,2,Not Applicable,Not Applicable,Not Applicable,Not Applicable,Not Applicable,9811629295,NAVEEN.2906@GMAIL.COM
CSAS Round-I,78077/LC/37/1/1/CSAS,2.34E+11,Ishita Ahuja,666.9667135,1,2,Not Applicable,Not Applicable,Not Applicable,Not Applicable,Not Applicable,9868208486,ishitaahuja15@gmail.com
CSAS Round-I,76995/LC/37/1/1/CSAS,2.34E+11,samiksha prasad,500.3169445,3,2,Not Applicable,Not Applicable,Not Applicable,Not Applicable,Not Applicable,7903518558,monitaprasad0003@gmail.com
CSAS Round-I,76935/LC/37/1/1/CSAS,2.34E+11,Hiti Gulati,681.6813499,1,2,Not Applicable,Not Applicable,Not Applicable,Not Applicable,Not Applicable,7678651736,gulatihiti@gmail.com
CSAS Round-I,76734/LC/37/1/1/CSAS,2.34E+11,ANJALI,720.6154797,1,2,Not Applicable,Not Applicable,Not Applicable,Not Applicable,Not Applicable,9812868289,meanjali2005@rediffmail.com
CSAS Round-I,72983/LC/37/1/1/CSAS,2.34E+11,Alisha Goswami,502.2558572,3,2,Not Applicable,Not Applicable,Not Applicable,Not Applicable,Not Applicable,8287847289,goswami.alisha777@gmail.com
CSAS Round-I,71669/LC/37/1/1/CSAS,2.34E+11,JIGYASA MOOLCHANDANI,667.9577256,1,2,Not Applicable,Not Applicable,Not Applicable,Not Applicable,Not Applicable,7089496650,jigyasamoolchandani@gmail.com
CSAS Round-I,71555/LC/37/1/1/CSAS,2.34E+11,MEHAK SACHDEVA,670.8081713,1,2,Not Applicable,Not Applicable,Not Applicable,Not Applicable,Not Applicable,8076563113,mehaksachdeva005@gmail.com
CSAS Round-I,71101/LC/37/1/1/CSAS,2.34E+11,AAYUSHI PANWAR,494.3882319,4,2,Not Applicable,Not Applicable,Not Applicable,Not Applicable,Not Applicable,9289791772,aayushipanwar23@gmail.com
CSAS Round-I,70869/LC/37/1/1/CSAS,2.34E+11,BHOOMIKA KAPOOR,672.0082417,1,2,Not Applicable,Not Applicable,Not Applicable,Not Applicable,Not Applicable,7056681293,bhoomikakapoor21@gmail.com
CSAS Round-I,69637/LC/37/1/1/CSAS,2.34E+11,Nitisha Jhamb,672.313698,1,2,Not Applicable,Not Applicable,Not Applicable,Not Applicable,Not Applicable,6350335856,jhambnitisha@gmail.com
CSAS Round-I,69369/LC/37/1/1/CSAS,2.34E+11,NANDINI PESHWANI,684.9316902,1,2,Not Applicable,Not Applicable,Not Applicable,Not Applicable,Not Applicable,9414511642,nandinipeshwani@gmail.com
CSAS Round-I,69223/LC/37/1/1/CSAS,2.34E+11,Sania Goyal,675.8085639,1,2,Not Applicable,Not Applicable,Not Applicable,Not Applicable,Not Applicable,7589812617,saniagoyal27@gmail.com
CSAS Round-I,68759/LC/37/1/1/CSAS,2.34E+11,Princy Jain,704.6272039,1,2,Not Applicable,Not Applicable,Not Applicable,Not Applicable,Not Applicable,8860052613,princyj261@gmail.com
CSAS Round-I,67850/LC/37/1/1/CSAS,2.34E+11,Riya Singh,672.4635465,1,2,Not Applicable,Not Applicable,Not Applicable,Not Applicable,Not Applicable,7645037313,riyasingh51020@gmail.com
CSAS Round-I,67640/LC/37/1/1/CSAS,2.34E+11,Srishti Bansal,686.3563134,1,2,Not Applicable,Not Applicable,Not Applicable,Not Applicable,Not Applicable,9416349772,amitbansal543@gmail.com
CSAS Round-I,67322/LC/37/1/1/CSAS,2.34E+11,Keshvi soni,497.6727416,3,2,Not Applicable,Not Applicable,Not Applicable,Not Applicable,Not Applicable,9024999563,keshvisoni21@gmail.com
CSAS Round-I,66086/LC/37/1/1/CSAS,2.34E+11,Jashanpreet Kaur,497.1447503,3,2,Not Applicable,Not Applicable,Sikh Minority,Not Applicable,Not Applicable,7417706133,jshnprt315@gmail.com
CSAS Round-I,65624/LC/37/1/1/CSAS,2.34E+11,ISHA KUMARI,523.1905022,3,2,Not Applicable,Not Applicable,Not Applicable,Not Applicable,Not Applicable,9709642103,sksumit9576@gmail.com
CSAS Round-I,63560/LC/37/1/1/CSAS,2.34E+11,APARANA PAYAL,493.0356565,3,2,Not Applicable,Not Applicable,Not Applicable,Not Applicable,Not Applicable,6200865394,aparanapayal2020@gmail.com
CSAS Round-I,63012/LC/37/1/1/CSAS,2.34E+11,RINKY,424.7482313,4,2,Not Applicable,Not Applicable,Not Applicable,Not Applicable,Not Applicable,7834811583,veerendrk289@gmail.com
CSAS Round-I,62738/LC/37/1/1/CSAS,2.34E+11,MANSI CHAUDHARY,456.711263,4,2,Not Applicable,Not Applicable,Not Applicable,Not Applicable,Not Applicable,7355985344,mansichaudhary0ak16@gmail.com
CSAS Round-I,59267/LC/37/1/1/CSAS,2.34E+11,MUSKAN GAUTAM,402.1395346,4,2,Not Applicable,Not Applicable,Not Applicable,Not Applicable,Not Applicable,9453951940,vk869673@gmail.com
CSAS Round-I,59156/LC/37/1/1/CSAS,2.34E+11,Prashasti Jain,667.649197,1,2,Not Applicable,Not Applicable,Not Applicable,Not Applicable,Not Applicable,9625702336,prashasti0712@gmail.com
CSAS Round-I,57038/LC/37/1/1/CSAS,2.34E+11,CHAITANYA SHARMA,684.8796086,1,2,Not Applicable,Not Applicable,Not Applicable,Not Applicable,Not Applicable,9053606606,6chunnu2005@gmail.com
CSAS Round-I,56692/LC/37/1/1/CSAS,2.34E+11,SANYA VALIA,431.6270803,4,2,Not Applicable,Not Applicable,Not Applicable,Not Applicable,Not Applicable,8851127381,waliasanya2@gmail.com
CSAS Round-I,56210/LC/37/1/1/CSAS,2.34E+11,Khushboo,418.5798523,4,2,Not Applicable,Not Applicable,Not Applicable,Not Applicable,Not Applicable,7303113864,khushboo.k1012@gmail.com
CSAS Round-I,55849/LC/37/1/1/CSAS,2.34E+11,Arpita Vishwakarma,578.7497833,3,2,Not Applicable,Not Applicable,Not Applicable,Not Applicable,Not Applicable,9935315702,psgaang2021@gmail.com
CSAS Round-I,55689/LC/37/1/1/CSAS,2.34E+11,Parinika Jain,682.2668126,1,2,Not Applicable,Not Applicable,Not Applicable,Not Applicable,Not Applicable,8923841582,parinikajain14@gmail.com
CSAS Round-I,51632/LC/37/1/1/CSAS,2.34E+11,Himanshi Budhiraja,689.0336105,1,2,Not Applicable,Not Applicable,Not Applicable,Not Applicable,Not Applicable,8800789457,himanshibudhiraja012@gmail.com
CSAS Round-I,50777/LC/37/1/1/CSAS,2.34E+11,Chahak Koolwal,679.302589,1,2,Not Applicable,Not Applicable,Not Applicable,Not Applicable,Not Applicable,9468653040,chahakkoolwal@gmail.com
CSAS Round-I,49790/LC/37/1/1/CSAS,2.34E+11,Riya Arya,395.0557737,4,2,Not Applicable,Not Applicable,Not Applicable,Not Applicable,Not Applicable,9310348901,Riyaaa1723@gmail.com
CSAS Round-I,47851/LC/37/1/1/CSAS,2.34E+11,sanya,670.4871318,1,2,Not Applicable,Not Applicable,Not Applicable,Not Applicable,Not Applicable,8708296640,sanyachopra545@gmail.com
CSAS Round-I,46717/LC/37/1/1/CSAS,2.34E+11,Vidushi Singh,392.1922926,4,2,Not Applicable,Not Applicable,Not Applicable,Not Applicable,Not Applicable,8920147015,vidushisingh0902@gmail.com
CSAS Round-I,45806/LC/37/1/1/CSAS,2.34E+11,RUBI,481.5814891,3,2,Not Applicable,Not Applicable,Not Applicable,Not Applicable,Not Applicable,9557592796,rubiansari9917@gmail.com
CSAS Round-I,45495/LC/37/1/1/CSAS,2.34E+11,LAVANYA RATHEE,670.3334417,1,2,Not Applicable,Not Applicable,Not Applicable,Not Applicable,Not Applicable,9811913554,riturathee012@gmail.com
CSAS Round-I,45469/LC/37/1/1/CSAS,2.34E+11,PREETI KUMARI,486.0032561,3,2,Not Applicable,Not Applicable,Not Applicable,Not Applicable,Not Applicable,8368491826,preetikumarijii654@gmail.com
CSAS Round-I,44050/LC/37/1/1/CSAS,2.34E+11,Disha Jain,672.3282974,1,2,Not Applicable,Not Applicable,Not Applicable,Not Applicable,Not Applicable,7015088091,dishajain@dldavppcbsei.com
CSAS Round-I,43925/LC/37/1/1/CSAS,2.34E+11,Tanya Agarwal,671.8693735,1,2,Not Applicable,Not Applicable,Not Applicable,Not Applicable,Not Applicable,9717192726,tanya.mepl@gmail.com
CSAS Round-I,43202/LC/37/1/1/CSAS,2.34E+11,ANANYA CHAUDHARY,697.7527384,1,2,Not Applicable,Not Applicable,Not Applicable,Not Applicable,Not Applicable,8868863047,neeruc01@gmail.com
CSAS Round-I,42728/LC/37/1/1/CSAS,2.34E+11,Tanya Dahiya,670.1548955,1,2,Not Applicable,Not Applicable,Not Applicable,Not Applicable,Not Applicable,9027938403,anmoldahiya5958@gmail.com
CSAS Round-I,42528/LC/37/1/1/CSAS,2.34E+11,KASHISH KHURANA,678.3171015,1,2,Not Applicable,Not Applicable,Not Applicable,Not Applicable,Not Applicable,9999439403,nitikakhurana24@gmail.com
CSAS Round-I,41135/LC/37/1/1/CSAS,2.34E+11,Niyati Sidhar,691.8346519,1,2,Not Applicable,Not Applicable,Not Applicable,Not Applicable,Not Applicable,9034567798,niyatisidhar@gmail.com
CSAS Round-I,40902/LC/37/1/1/CSAS,2.34E+11,SNIGDHA GANDHI,668.1562291,1,2,Not Applicable,Not Applicable,Not Applicable,Not Applicable,Not Applicable,9911212979,drvj125@gmail.com
CSAS Round-I,40875/LC/37/1/1/CSAS,2.34E+11,Hrishita Agarwal,671.787726,1,2,Not Applicable,Not Applicable,Not Applicable,Not Applicable,Not Applicable,7479018154,agarwalhrishita1@gmail.com
CSAS Round-I,40222/LC/37/1/1/CSAS,2.34E+11,Saniya,537.5726064,3,2,Not Applicable,Not Applicable,Not Applicable,Not Applicable,Not Applicable,9817552169,saniyathakur2401@gmail.com
CSAS Round-I,36753/LC/37/1/1/CSAS,2.34E+11,KASHISH GANGWAL,461.6215684,4,2,Not Applicable,Not Applicable,Not Applicable,Not Applicable,Not Applicable,8178139406,diwanchand305@gmail.com
CSAS Round-I,35478/LC/37/1/1/CSAS,2.34E+11,NISHIKA CHOUDHURY,677.2339533,1,2,Not Applicable,Not Applicable,Not Applicable,Not Applicable,Not Applicable,8860318821,nishikachoudhury2004@gmail.com
CSAS Round-I,35245/LC/37/1/1/CSAS,2.34E+11,CHARVI SINGH,543.7357598,4,2,Not Applicable,Not Applicable,Not Applicable,Not Applicable,Not Applicable,8383048712,charusingh281@gmail.com
CSAS Round-I,34257/LC/37/1/1/CSAS,2.34E+11,Rashi Soliwal,469.5711002,4,2,Not Applicable,Not Applicable,Not Applicable,Not Applicable,Not Applicable,9761320486,soliwalrashi@gmail.com
CSAS Round-I,33003/LC/37/1/1/CSAS,2.34E+11,Samridhi singh,580.720933,6,2,Not Applicable,Not Applicable,Not Applicable,Not Applicable,Not Applicable,6207209093,singhsamridhi933@gmail.com
CSAS Round-I,32859/LC/37/1/1/CSAS,2.34E+11,Harshita,477.2274039,4,2,Not Applicable,Not Applicable,Not Applicable,Not Applicable,Not Applicable,9871031835,hitenderk@hotmail.com
CSAS Round-I,31238/LC/37/1/1/CSAS,2.34E+11,NANDINI,510.8479755,3,2,Not Applicable,Not Applicable,Not Applicable,Not Applicable,Not Applicable,9369702848,khushigupta9353@gmail.com
CSAS Round-I,29941/LC/37/1/1/CSAS,2.34E+11,Palak,672.2579596,1,2,Not Applicable,Not Applicable,Not Applicable,Not Applicable,Not Applicable,7305000008,goel.palak2005@gmail.com
CSAS Round-I,28829/LC/37/1/1/CSAS,2.34E+11,Aditi Khurana,570.2938444,6,2,Not Applicable,Not Applicable,Not Applicable,Not Applicable,Not Applicable,9213933113,aditikhurana631@gmail.com
CSAS Round-I,28694/LC/37/1/1/CSAS,2.34E+11,Khushi Rustagi,672.5350905,1,2,Not Applicable,Not Applicable,Not Applicable,Not Applicable,Not Applicable,8383997248,poojarustagi78@gmail.com
CSAS Round-I,27930/LC/37/1/1/CSAS,2.34E+11,KRITI GUPTA,687.520693,1,2,Not Applicable,Not Applicable,Not Applicable,Not Applicable,Not Applicable,9811068410,kriti.kgupta03@gmail.com
CSAS Round-I,27729/LC/37/1/1/CSAS,2.34E+11,DIKSHA,667.4982587,1,2,Not Applicable,Not Applicable,Not Applicable,Not Applicable,Not Applicable,9596011654,school524dav@gmail.com
CSAS Round-I,26412/LC/37/1/1/CSAS,2.34E+11,Kritika virmani,502.1425926,6,2,Not Applicable,Not Applicable,Not Applicable,Not Applicable,Not Applicable,9599088738,Kritikavirmani8@gmail.com
CSAS Round-I,23755/LC/37/1/1/CSAS,2.34E+11,Taniza Faraz,501.0559146,3,2,Not Applicable,Not Applicable,Not Applicable,Not Applicable,Not Applicable,7237030330,tanizafrz@gmail.com
CSAS Round-I,22754/LC/37/1/1/CSAS,2.34E+11,Isha Bharti,515.1174788,3,2,Not Applicable,Not Applicable,Not Applicable,Not Applicable,Not Applicable,8409049920,ishab8491@gmail.com
CSAS Round-I,22513/LC/37/1/1/CSAS,2.34E+11,Km Prerna,669.7536099,1,2,Not Applicable,Not Applicable,Not Applicable,Priority VI: Wards of Ex-Servicemen,Not Applicable,9760060109,prernarawat10a@gmail.com
CSAS Round-I,21981/LC/37/1/1/CSAS,2.34E+11,TANISHA MAURYA,514.0289863,3,2,Not Applicable,Not Applicable,Not Applicable,Not Applicable,Not Applicable,9315155895,geetgeet2021@gmail.com
CSAS Round-I,21893/LC/37/1/1/CSAS,2.34E+11,YASHI DHAMA,484.0897856,3,2,Not Applicable,Not Applicable,Not Applicable,Not Applicable,Not Applicable,9999068990,tanishamaurya310@gmail.com
CSAS Round-I,21589/LC/37/1/1/CSAS,2.34E+11,Meenakshi Kumari,487.2189812,3,2,Not Applicable,Not Applicable,Not Applicable,Not Applicable,Not Applicable,9354808475,meenakshiprajapati156@gmail.com
CSAS Round-I,18472/LC/37/1/1/CSAS,2.34E+11,Khushi Vedwal,472.7524554,4,2,Not Applicable,Not Applicable,Not Applicable,Not Applicable,Not Applicable,8130045592,khushivedwal76@gmail.com
CSAS Round-I,18198/LC/37/1/1/CSAS,2.34E+11,MAYURI JINDAL,521.2480007,6,2,Not Applicable,Not Applicable,Not Applicable,Not Applicable,Not Applicable,7017442152,mayurijindal.10b.33.sta@gmail.com
CSAS Round-I,15691/LC/37/1/1/CSAS,2.34E+11,Kalpana,387.0932166,4,2,Not Applicable,Not Applicable,Not Applicable,Not Applicable,Not Applicable,9599141309,kalpana4309@gmail.com
CSAS Round-I,14752/LC/37/1/1/CSAS,2.34E+11,Sneha Singh,409.1678317,4,2,Not Applicable,Not Applicable,Not Applicable,Not Applicable,Not Applicable,8103967137,Shivikasingh588@gmail.com
CSAS Round-I,12781/LC/37/1/1/CSAS,2.34E+11,NITIKA RATHARIYA,455.1087078,4,2,Not Applicable,Not Applicable,Not Applicable,Not Applicable,Not Applicable,9315138224,nitikarathore24@gmail.com
