round,reference_no,form_no,name,score,category,gender,kashmiri_migrant,pwd_category,minority,cw_quota,ward_quota,mobile,email
CSAS Round-II,143918/LC/29/2/2/CSAS,233510611639,MUSKAN,282.2297116,1,2,Not Applicable,Not Applicable,Not Applicable,Not Applicable,Not Applicable,9354808586,muskanansari965082@gmail.com
CSAS Round-II,138150/LC/29/2/2/CSAS,233510237298,Somya Singh,249.67441,1,2,Not Applicable,Not Applicable,Not Applicable,Priority VI: Wards of Ex-Servicemen,Not Applicable,9528341182,singhsomya5525@gmail.com
CSAS Round-II,133697/LC/29/2/2/CSAS,233510183905,ANJALI,266.8498685,1,2,Not Applicable,Not Applicable,Not Applicable,Not Applicable,Not Applicable,9389405600,ANJALISHARMA3320@GMAIL.COM
CSAS Round-II,128111/LC/29/2/2/CSAS,233510948446,NANCY GUPTA,224.1013057,3,2,Not Applicable,Not Applicable,Not Applicable,Not Applicable,Not Applicable,8287316720,ng9602152@gmail.com
CSAS Round-II,120498/LC/29/2/2/CSAS,233510581044,SWETA RAI,269.3126639,1,2,Not Applicable,Not Applicable,Not Applicable,Not Applicable,Not Applicable,7827859186,dazzlingdolly519@gmail.com
CSAS Round-II,119894/LC/29/2/2/CSAS,233510184318,Saba,225.1400556,1,2,Not Applicable,Not Applicable,Not Applicable,Not Applicable,Not Applicable,8826038992,sabasheikh63484@gmail.com
CSAS Round-II,119099/LC/29/2/2/CSAS,233511447552,Pooja Kumari,301.2947401,1,2,Not Applicable,Not Applicable,Not Applicable,Not Applicable,Not Applicable,8799734464,poojakumari87997344@gmail.com
CSAS Round-II,116172/LC/29/2/2/CSAS,233510053128,MAHI MISHRA,274.0792554,1,2,Not Applicable,Not Applicable,Not Applicable,Not Applicable,Not Applicable,8130087351,Amodmishra64@gmail.com
CSAS Round-II,105389/LC/29/2/2/CSAS,233510466103,Samvedna verma,261.7419899,3,2,Not Applicable,Not Applicable,Not Applicable,Not Applicable,Not Applicable,9968498752,sumanvermaps@gmail.com
CSAS Round-II,101992/LC/29/2/2/CSAS,233510077579,ANUSHTHA PANDEY,301.7402139,1,2,Not Applicable,Not Applicable,Not Applicable,Not Applicable,Not Applicable,9654203965,anilpanday0067@gmail.com
CSAS Round-I,74080/LC/29/1/1/CSAS,233510105425,SUNAINA,338.9958186,1,2,Not Applicable,Not Applicable,Not Applicable,Not Applicable,Not Applicable,8178317100,sunaina8700913207@gmail.com
CSAS Round-I,59201/LC/29/1/1/CSAS,233510652860,SALONI KUMARI,419.6280329,1,2,Not Applicable,Not Applicable,Not Applicable,Not Applicable,Not Applicable,7065822045,sk4734494@gmail.com
CSAS Round-I,58235/LC/29/1/1/CSAS,233510134665,Supriya Roy,318.0543344,1,2,Not Applicable,Not Applicable,Not Applicable,Not Applicable,Not Applicable,7001701397,supriya03roy@gmail.com
CSAS Round-I,54148/LC/29/1/1/CSAS,233510272850,Priya Singh,352.5267491,1,2,Not Applicable,Not Applicable,Not Applicable,Not Applicable,Not Applicable,8709792263,Priyasingh28042005@gmail.com
CSAS Round-I,48003/LC/29/1/1/CSAS,233511274109,Tanya kashyap,145.3835385,1,2,Not Applicable,Not Applicable,Not Applicable,Not Applicable,Not Applicable,9717095119,Poonamkashyap2125@gmail.com
CSAS Round-I,43837/LC/29/1/1/CSAS,233510131849,SHRESHTHA JOSHI,332.3872185,1,2,Not Applicable,Not Applicable,Not Applicable,Priority VI: Wards of Ex-Servicemen,Not Applicable,9667222543,shreshthajjoshi@gmail.com
CSAS Round-I,15421/LC/29/1/1/CSAS,233510135702,AARTI,183.4346518,4,2,Not Applicable,Not Applicable,Not Applicable,Not Applicable,Not Applicable,8130456412,aartimukhiya245@gmail.com
