round,reference_no,form_no,name,score,category,gender,kashmiri_migrant,pwd_category,minority,cw_quota,ward_quota,mobile,email
CSAS Round-II,144702/LC/14/2/2/CSAS,233510017422,VIDHI DAS,354.5001328,2,2,Not Applicable,Not Applicable,Not Applicable,Not Applicable,Not Applicable,9873742878,vidhidas836@gmail.com
CSAS Round-II,131708/LC/14/2/2/CSAS,233510426965,POOJA YADAV,354.7052129,2,2,Not Applicable,Not Applicable,Not Applicable,Not Applicable,Not Applicable,7238922040,yaduvanshipooojaa@gmail.com
CSAS Round-II,113850/LC/14/2/2/CSAS,233510559715,SNEHA,349.9482743,2,2,Not Applicable,Not Applicable,Not Applicable,Not Applicable,Not Applicable,9693394418,sneha202093@gmail.com
CSAS Round-II,112576/LC/14/2/2/CSAS,233510051947,Lucky Priya,367.8361092,2,2,Not Applicable,Not Applicable,Not Applicable,Not Applicable,Not Applicable,7260887912,luckypriya764@gmail.com
CSAS Round-II,112552/LC/14/2/2/CSAS,233511582072,Neha,365.5346325,2,2,Not Applicable,Not Applicable,Not Applicable,Not Applicable,Not Applicable,9555633862,nehaakush08@gmail.com
CSAS Round-II,98926/LC/14/2/2/CSAS,233510797197,Arshi Ansari,351.9097054,2,2,Not Applicable,Not Applicable,Not Applicable,Not Applicable,Not Applicable,9899522348,3374abrarahmed@gmail.com
CSAS Round-I,94663/LC/14/1/1/CSAS,233511543301,Ananya Tiwari,351.3327338,6,2,Not Applicable,Not Applicable,Not Applicable,Not Applicable,Not Applicable,8318477497,tiwariananya755@gmail.com
CSAS Round-I,94449/LC/14/1/1/CSAS,233510211091,Ganya Dawra,630.2160447,1,2,Not Applicable,Not Applicable,Not Applicable,Not Applicable,Not Applicable,9873580453,ganyadawra14@gmail.com
CSAS Round-I,93072/LC/14/1/1/CSAS,233510514860,Vidisha Sahoo,412.3523596,2,2,Not Applicable,Not Applicable,Not Applicable,Not Applicable,Not Applicable,8303366125,vidhi.sahoo006@gmail.com
CSAS Round-I,92609/LC/14/1/1/CSAS,233510158184,AMISHA RANJAN,449.2352741,2,2,Not Applicable,Not Applicable,Not Applicable,Not Applicable,Not Applicable,9934497001,amisharanjan8@gmail.com
CSAS Round-I,91024/LC/14/1/1/CSAS,233510305107,SHINJINI ROY,649.9180099,1,2,Not Applicable,Not Applicable,Not Applicable,Not Applicable,Not Applicable,9811762195,ranjanaroy9877@gmail.com
CSAS Round-I,89606/LC/14/1/1/CSAS,233510669526,Archana Singh,315.2790915,4,2,Not Applicable,Not Applicable,Not Applicable,Not Applicable,Not Applicable,9650625421,anurag67080@gmail.com
CSAS Round-I,88211/LC/14/1/1/CSAS,233510334533,Yashaswi Verma,383.4853381,2,2,Not Applicable,Not Applicable,Not Applicable,Not Applicable,Not Applicable,7500241501,yashaswiverma22@gmail.com
CSAS Round-I,87812/LC/14/1/1/CSAS,233510415141,AMRITA TIWARI,627.842619,1,2,Not Applicable,Not Applicable,Not Applicable,Not Applicable,Not Applicable,9873533746,AMRITATIWARI5014@GMAIL.COM
CSAS Round-I,86978/LC/14/1/1/CSAS,233510675689,KAVYA CHAUHAN,311.2522258,6,2,Not Applicable,Not Applicable,Not Applicable,Not Applicable,Not Applicable,7689823208,kavyachauhan021@gmail.com
CSAS Round-I,86228/LC/14/1/1/CSAS,233510303548,DHRITI SABHLOK,620.3420427,1,2,Not Applicable,Not Applicable,Not Applicable,Not Applicable,Not Applicable,7703889802,dhritisabhlok05@gmail.com
CSAS Round-I,84794/LC/14/1/1/CSAS,233510006276,Tanisha Arya,676.900186,1,2,Not Applicable,Not Applicable,Not Applicable,Not Applicable,Not Applicable,9310788788,tanishaarya01@gmail.com
CSAS Round-I,84308/LC/14/1/1/CSAS,233510280567,TEJASHVI MUNDRA,498.0477284,6,2,Not Applicable,Not Applicable,Not Applicable,Not Applicable,Not Applicable,7428400381,tejashvimundra@gmail.com
CSAS Round-I,83801/LC/14/1/1/CSAS,233510815902,Pratiksha sachan,448.1173446,2,2,Not Applicable,Not Applicable,Not Applicable,Not Applicable,Not Applicable,7007128068,viveksachan29207@gmail.com
CSAS Round-I,83181/LC/14/1/1/CSAS,233510234247,JINNARAM SNEHA,327.8349062,4,2,Not Applicable,Not Applicable,Not Applicable,Not Applicable,Not Applicable,9010208187,snehajinnaram761@gmail.com
CSAS Round-I,83086/LC/14/1/1/CSAS,233510379438,Aastha Batra,616.5689078,1,2,Not Applicable,Not Applicable,Not Applicable,Not Applicable,Not Applicable,9811760823,aasthabatra0406@gmail.com
CSAS Round-I,82677/LC/14/1/1/CSAS,233510568276,Komal Sharma,303.6298253,6,2,Not Applicable,Not Applicable,Not Applicable,Not Applicable,Not Applicable,8851533802,mayank3012002@gmail.com
CSAS Round-I,82547/LC/14/1/1/CSAS,233510272913,Ishika Tandon,683.2797926,1,2,Not Applicable,Not Applicable,Not Applicable,Not Applicable,Not Applicable,9811217218,tandonvicky2012@gmail.com
CSAS Round-I,80173/LC/14/1/1/CSAS,233510360775,MISHA CHHABRA,630.2897614,1,2,Not Applicable,Not Applicable,Not Applicable,Not Applicable,Not Applicable,9667017848,MISHACHHABRA728@GMAIL.COM
CSAS Round-I,73448/LC/14/1/1/CSAS,233510285598,Prisha Makkar,646.3090515,1,2,Not Applicable,Not Applicable,Not Applicable,Not Applicable,Not Applicable,8826643237,prisha1204@gmail.com
CSAS Round-I,73014/LC/14/1/1/CSAS,233511455379,KARTIKA YADAV,375.8411301,2,2,Not Applicable,Not Applicable,Not Applicable,Not Applicable,Not Applicable,6260723542,kartikaydvz13@gmail.com
CSAS Round-I,71672/LC/14/1/1/CSAS,233510154865,SIYA KAPOOR,629.3159427,1,2,Not Applicable,Not Applicable,Not Applicable,Not Applicable,Not Applicable,9873879738,siyakapoor512@gmail.com
CSAS Round-I,70914/LC/14/1/1/CSAS,233510385330,SHREYA SINGH,625.4057508,1,2,Not Applicable,Not Applicable,Not Applicable,Not Applicable,Not Applicable,9473834882,shreyasingh009473@gmail.com
CSAS Round-I,69804/LC/14/1/1/CSAS,233510005164,Ananya Vadehra,646.9403968,1,2,Not Applicable,Not Applicable,Not Applicable,Not Applicable,Not Applicable,8375093141,ananyavadehra627@gmail.com
CSAS Round-I,69214/LC/14/1/1/CSAS,233510243029,ARCHITA BHASIN,623.9076681,1,2,Not Applicable,Not Applicable,Not Applicable,Not Applicable,Not Applicable,9211275436,299architabhasin@gmail.com
CSAS Round-I,69099/LC/14/1/1/CSAS,233510166695,YASHIKA RORIYA,634.8933206,1,2,Not Applicable,Not Applicable,Not Applicable,Not Applicable,Not Applicable,9953324001,yogendrasinghroriya@gmail.com
CSAS Round-I,68981/LC/14/1/1/CSAS,233511154677,Kheshika,267.5734404,4,2,Not Applicable,Not Applicable,Not Applicable,Not Applicable,Not Applicable,7703813881,kolikheshika@gmail.com
CSAS Round-I,68009/LC/14/1/1/CSAS,233510176731,Vridhi Arora,629.6938455,1,2,Not Applicable,Not Applicable,Not Applicable,Not Applicable,Not Applicable,9810815120,ashisharoraaug@gmail.com
CSAS Round-I,67793/LC/14/1/1/CSAS,233510106171,Tanya,360.5168012,4,2,Not Applicable,Not Applicable,Not Applicable,Not Applicable,Not Applicable,8527460858,tanyamarwaha644@gmail.com
CSAS Round-I,65450/LC/14/1/1/CSAS,233510061127,Deepti,310.9635085,6,2,Not Applicable,Not Applicable,Not Applicable,Not Applicable,Not Applicable,7088832038,hg7191919@gmail.com
CSAS Round-I,63346/LC/14/1/1/CSAS,233510324774,Malvika,449.0925355,4,2,Not Applicable,Not Applicable,Not Applicable,Not Applicable,Not Applicable,8810463199,insmalvika472@gmail.com
CSAS Round-I,63084/LC/14/1/1/CSAS,233510261146,KHUSHI BINDAL,652.6045097,1,2,Not Applicable,Not Applicable,Not Applicable,Not Applicable,Not Applicable,9971859289,BINDALKHUSHI01@GMAIL.COM
CSAS Round-I,54971/LC/14/1/1/CSAS,233510229532,Kashvi Mittal,622.5608891,1,2,Not Applicable,Not Applicable,Not Applicable,Not Applicable,Not Applicable,7011113726,kashvimittal295@gmail.com
CSAS Round-I,48368/LC/14/1/1/CSAS,233510122748,Manya Kumari,378.1060019,2,2,Not Applicable,Not Applicable,Not Applicable,Not Applicable,Not Applicable,9693291088,kmanya1104@gmail.com
CSAS Round-I,47945/LC/14/1/1/CSAS,233510306456,Jaisika banthia,623.6938948,1,2,Not Applicable,Not Applicable,Not Applicable,Not Applicable,Not Applicable,9509425850,jaisikabanthia0@gmail.com
CSAS Round-I,44908/LC/14/1/1/CSAS,233510461101,SUHANI TANDON,625.3992561,1,2,Not Applicable,Not Applicable,Not Applicable,Not Applicable,Not Applicable,9311690643,suhanitandon38@gmail.com
CSAS Round-I,41784/LC/14/1/1/CSAS,233510312800,Iraa Dwivedi,643.9977655,1,2,Not Applicable,Not Applicable,Not Applicable,Not Applicable,Not Applicable,9354246772,iraadwivedi@gmail.com
CSAS Round-I,41674/LC/14/1/1/CSAS,233510327534,SALVI JAISWAL,487.626492,2,2,Not Applicable,Not Applicable,Not Applicable,Not Applicable,Not Applicable,8595076160,Salvijaiswal12@gmail.com
CSAS Round-I,35214/LC/14/1/1/CSAS,233510300846,Tanisha Gupta,618.8982066,1,2,Not Applicable,Not Applicable,Not Applicable,Not Applicable,Not Applicable,7217781560,tanishagupta024@gmail.com
CSAS Round-I,34700/LC/14/1/1/CSAS,233510431481,KHUSHI SUNGRA,269.4459667,4,2,Not Applicable,Not Applicable,Not Applicable,Not Applicable,Not Applicable,9211997248,khushisungra@gmail.com
CSAS Round-I,33839/LC/14/1/1/CSAS,233511420188,PAYAL,277.6292102,4,2,Not Applicable,Not Applicable,Not Applicable,Not Applicable,Not Applicable,9811590037,JAGVINDERJAGGUJAGGU@GMAIL.COM
CSAS Round-I,33541/LC/14/1/1/CSAS,233510333330,Vasundhra kasotia,261.7033608,4,2,Not Applicable,Not Applicable,Not Applicable,Not Applicable,Not Applicable,7982615043,vasundhrakoli123@gmail.com
CSAS Round-I,33125/LC/14/1/1/CSAS,233510090130,AKSHITA GUPTA,651.3135191,1,2,Not Applicable,Not Applicable,Not Applicable,Not Applicable,Not Applicable,7290893474,akshitagupta2015@gmail.com
CSAS Round-I,31912/LC/14/1/1/CSAS,233510915114,Jasmeen Kachchhawa,385.1517289,2,2,Not Applicable,Not Applicable,Not Applicable,Not Applicable,Not Applicable,9315936468,askhan41288@gmail.com
CSAS Round-I,31585/LC/14/1/1/CSAS,233510578990,SIDDHI SINGH,302.3518378,6,2,Not Applicable,Not Applicable,Not Applicable,Not Applicable,Not Applicable,7667064161,sid123iassingh@gmail.com
CSAS Round-I,28901/LC/14/1/1/CSAS,233510509034,Kalpita Goswami,628.2141048,1,2,Not Applicable,Not Applicable,Not Applicable,Not Applicable,Not Applicable,8920803261,kalpitagoswami05@gmail.com
CSAS Round-I,27658/LC/14/1/1/CSAS,233510465583,Kirti Ahlawat,380.0921447,4,2,Not Applicable,Not Applicable,Not Applicable,Not Applicable,Not Applicable,9871990759,kirtiahlawat0@gmail.com
CSAS Round-I,26000/LC/14/1/1/CSAS,233510167072,KUMARI VRIDDHI,301.5306864,4,2,Not Applicable,Not Applicable,Not Applicable,Not Applicable,Not Applicable,9027040257,vriddhikumari15@gmail.com
CSAS Round-I,20792/LC/14/1/1/CSAS,233510660080,MUSKAN,377.9012778,2,2,Not Applicable,Not Applicable,Not Applicable,Not Applicable,Not Applicable,9466246883,muskanbhoriwal@gmail.com
CSAS Round-I,20049/LC/14/1/1/CSAS,233510647047,SAKSHI,372.6280833,2,2,Not Applicable,Not Applicable,Not Applicable,Not Applicable,Not Applicable,9911601200,kumarabhimanu78@gmail.com
CSAS Round-I,19597/LC/14/1/1/CSAS,233510028382,Khyati Priyam,671.1451608,1,2,Not Applicable,Not Applicable,Not Applicable,Not Applicable,Not Applicable,7717797953,khyatipriyam@gmail.com
